City,2019-09-11 22:05:24.869258,2019-09-12 09:01:14.631851,2019-09-12 11:36:55.827211,2019-09-12 12:22:00.953972,2019-09-12 12:23:51.262758,2019-09-12 12:47:19.909551,2019-09-12 14:41:09.103147,2019-09-12 14:43:29.661475,2019-09-13 18:31:06.671201,2019-09-13 18:33:38.926318,2019-09-13 18:36:38.516723,2019-09-13 18:40:14.216732,2019-09-13 18:42:40.912331,2019-09-14 07:48:38.238319,2019-09-14 08:53:52.897185,2019-09-14 08:56:22.937822,Continent,2019-09-14 14:57:08.678648,2019-09-15 10:25:10.312390,2019-09-15 22:27:46.298349,2019-09-15 22:29:49.689412,2019-09-16 09:47:06.249882,2019-09-16 12:14:03.140103,2019-09-16 20:11:48.235263,2019-09-16 20:27:21.839269
Abbotsford,2533.0,2533.0,2234.0,2234.0,2234.0,2234.0,2234.0,2234.0,2234.0,2234.0,2234.0,2234.0,2234.0,2234.0,2234.0,2234.0,North America,2234.0,,1167.0,1167.0,1167.0,1167.0,1167.0,1167.0
Aberdeen,563.0,188.0,188.0,188.0,188.0,188.0,679.0,679.0,185.0,185.0,185.0,185.0,185.0,185.0,185.0,185.0,Europe,186.0,186.0,186.0,186.0,186.0,186.0,186.0,186.0
Abu Dhabi,510.0,510.0,510.0,510.0,510.0,510.0,510.0,510.0,499.0,499.0,499.0,499.0,499.0,499.0,499.0,499.0,Asia,502.0,502.0,502.0,502.0,502.0,502.0,510.0,510.0
Abuja,1877.0,1878.0,1878.0,1878.0,1878.0,1878.0,1878.0,1878.0,1874.0,1874.0,1874.0,1874.0,1874.0,1876.0,1876.0,1876.0,Africa,1876.0,1876.0,1876.0,1876.0,790.0,790.0,790.0,790.0
Acapulco,2486.0,2486.0,2486.0,2486.0,2486.0,2486.0,3591.0,3591.0,3584.0,3584.0,3584.0,3584.0,3584.0,3584.0,3584.0,3584.0,North America,3673.0,3673.0,3587.0,3587.0,3587.0,3587.0,3587.0,3587.0
Accra,711.0,711.0,709.0,709.0,709.0,709.0,669.0,669.0,710.0,710.0,710.0,710.0,710.0,710.0,710.0,710.0,Africa,713.0,713.0,643.0,643.0,643.0,465.0,465.0,465.0
Addis Ababa,629.0,629.0,629.0,629.0,629.0,629.0,629.0,629.0,629.0,629.0,629.0,629.0,629.0,473.0,473.0,473.0,Africa,473.0,629.0,629.0,629.0,629.0,629.0,629.0,629.0
Addu City,,,,,,,,,,,,,,,,,,636.0,636.0,655.0,655.0,655.0,655.0,655.0,655.0
Adelaide,1264.0,1261.0,1261.0,1261.0,1261.0,1261.0,1261.0,1261.0,1263.0,1263.0,1263.0,1263.0,1263.0,1268.0,1268.0,1268.0,Oceania,1268.0,1268.0,1268.0,1268.0,1261.0,1261.0,1261.0,1261.0
Agadir,,,,,,,,,,,,,,,,,,323.0,,,,,,,
Ajaccio,447.0,447.0,447.0,447.0,447.0,447.0,447.0,447.0,401.0,401.0,401.0,401.0,401.0,401.0,401.0,401.0,Europe,401.0,408.0,285.0,285.0,285.0,285.0,285.0,285.0
Albuquerque,1251.0,1251.0,1126.0,1126.0,1126.0,1126.0,1126.0,1126.0,1140.0,1140.0,1140.0,1140.0,1140.0,1140.0,1140.0,1140.0,North America,1140.0,1140.0,1140.0,1140.0,1140.0,1140.0,1140.0,1140.0
Alexandria,2780.0,2780.0,2503.0,2503.0,2503.0,2503.0,2503.0,2503.0,1535.0,1535.0,1535.0,1535.0,1535.0,1535.0,1535.0,1535.0,North America,2485.0,2485.0,1536.0,1536.0,1536.0,2485.0,2485.0,2485.0
Alexandroúpoli,,,,,,,,,,,,,,,,,,,,347.0,347.0,347.0,347.0,347.0,347.0
Alghero,,,,,,,,,,,,,,,,,,178.0,178.0,178.0,178.0,178.0,178.0,178.0,178.0
Alicante,164.0,164.0,164.0,164.0,164.0,164.0,239.0,239.0,155.0,155.0,155.0,155.0,155.0,147.0,147.0,147.0,Europe,147.0,147.0,147.0,147.0,147.0,150.0,150.0,150.0
Allentown,988.0,988.0,875.0,875.0,875.0,875.0,875.0,875.0,873.0,873.0,873.0,873.0,873.0,873.0,873.0,873.0,North America,875.0,875.0,875.0,875.0,875.0,875.0,875.0,875.0
Almaty,418.0,418.0,418.0,418.0,418.0,418.0,388.0,388.0,388.0,388.0,388.0,388.0,388.0,388.0,388.0,388.0,Europe,415.0,439.0,408.0,408.0,415.0,415.0,415.0,415.0
Almería,390.0,390.0,390.0,390.0,390.0,390.0,390.0,390.0,387.0,387.0,387.0,387.0,387.0,387.0,387.0,387.0,Europe,387.0,391.0,391.0,391.0,391.0,391.0,391.0,391.0
Alta,,,,,,,,,,,,,,,,,,,,,,,,395.0,395.0
Amman,442.0,442.0,1215.0,1215.0,1215.0,1215.0,1215.0,1215.0,470.0,470.0,470.0,470.0,470.0,1213.0,1213.0,1213.0,Asia,1213.0,1213.0,475.0,475.0,1213.0,1213.0,475.0,475.0
Amritsar,2594.0,2594.0,2594.0,2594.0,2594.0,2594.0,2595.0,2595.0,2590.0,2590.0,2590.0,2590.0,2590.0,2590.0,2590.0,2590.0,Asia,2592.0,2592.0,2592.0,2592.0,2592.0,2592.0,2592.0,2592.0
Amsterdam,111.0,468.0,115.0,115.0,115.0,115.0,110.0,110.0,124.0,124.0,124.0,124.0,124.0,467.0,467.0,467.0,Europe,111.0,467.0,107.0,107.0,111.0,111.0,111.0,111.0
Ancona,,,,,,,,,,,,,,,,,,,193.0,193.0,193.0,193.0,193.0,193.0,193.0
Angeles City,956.0,956.0,956.0,956.0,956.0,956.0,956.0,956.0,954.0,954.0,954.0,954.0,954.0,954.0,954.0,954.0,Asia,955.0,955.0,955.0,955.0,955.0,945.0,945.0,945.0
Ankara,156.0,156.0,156.0,156.0,156.0,156.0,156.0,156.0,199.0,199.0,199.0,199.0,199.0,199.0,199.0,199.0,Europe,199.0,151.0,132.0,132.0,132.0,132.0,200.0,200.0
Antakya,,,,,,,,,,,,,,,,,,452.0,452.0,295.0,295.0,295.0,295.0,295.0,295.0
Antalya,236.0,236.0,335.0,335.0,335.0,335.0,335.0,335.0,190.0,190.0,190.0,190.0,190.0,190.0,190.0,190.0,Europe,190.0,190.0,227.0,227.0,227.0,191.0,181.0,181.0
Antananarivo,810.0,810.0,2419.0,2419.0,2419.0,2419.0,2419.0,2419.0,833.0,833.0,833.0,833.0,833.0,833.0,833.0,833.0,Africa,2418.0,836.0,836.0,836.0,836.0,2418.0,836.0,836.0
Appleton,1174.0,1174.0,1160.0,1160.0,1160.0,1160.0,1160.0,1160.0,1118.0,1118.0,1118.0,1118.0,1118.0,1118.0,1118.0,1118.0,North America,1122.0,1122.0,1122.0,1122.0,1122.0,1159.0,1159.0,1159.0
Aqaba,,,,,,,,,,,,,,,,,,,,894.0,894.0,894.0,894.0,778.0,778.0
Araçatuba,3596.0,3597.0,3597.0,3597.0,3597.0,3597.0,3597.0,3597.0,3599.0,3599.0,3599.0,3599.0,3599.0,3595.0,3595.0,3595.0,South America,3595.0,3596.0,3596.0,3596.0,3596.0,3596.0,3596.0,3596.0
Argostoli,495.0,511.0,511.0,511.0,511.0,511.0,511.0,511.0,387.0,387.0,387.0,387.0,387.0,506.0,506.0,506.0,Europe,506.0,431.0,333.0,333.0,431.0,431.0,431.0,431.0
Arrecife,407.0,217.0,217.0,217.0,217.0,217.0,435.0,435.0,241.0,241.0,241.0,241.0,241.0,241.0,241.0,241.0,Europe,201.0,406.0,274.0,274.0,274.0,274.0,266.0,266.0
Arusha,,,,,,,,,,,,,,,,,,1319.0,1319.0,653.0,653.0,653.0,653.0,653.0,653.0
Asheville,1056.0,1056.0,1056.0,1056.0,1056.0,1056.0,1056.0,1056.0,1037.0,1037.0,1037.0,1037.0,1037.0,1037.0,1037.0,1037.0,North America,1037.0,1039.0,1039.0,1039.0,1039.0,1039.0,1039.0,1039.0
Asuncion,1159.0,1159.0,1159.0,1159.0,1159.0,1159.0,1175.0,1175.0,1173.0,1173.0,1173.0,1173.0,1173.0,1173.0,1173.0,1173.0,South America,1157.0,1174.0,857.0,857.0,857.0,857.0,1174.0,1174.0
Athens,155.0,155.0,129.0,129.0,129.0,129.0,129.0,129.0,82.0,82.0,82.0,82.0,82.0,105.0,105.0,105.0,Europe,105.0,105.0,135.0,135.0,100.0,100.0,85.0,85.0
Atlanta,701.0,865.0,865.0,865.0,865.0,865.0,865.0,865.0,695.0,695.0,695.0,695.0,695.0,681.0,681.0,681.0,North America,666.0,681.0,681.0,681.0,681.0,681.0,681.0,681.0
Auckland,1159.0,3712.0,3712.0,3712.0,3712.0,3712.0,1128.0,1128.0,1140.0,1140.0,1140.0,1140.0,1140.0,1140.0,1140.0,1140.0,Oceania,1140.0,1140.0,3732.0,3732.0,3721.0,3721.0,3721.0,3721.0
Augusta,3027.0,3027.0,3021.0,3021.0,3021.0,3021.0,3021.0,3021.0,3024.0,3024.0,3024.0,3024.0,3024.0,3024.0,3024.0,3024.0,North America,3037.0,3037.0,3037.0,3037.0,3037.0,3037.0,3037.0,3037.0
Austin,1027.0,1027.0,736.0,736.0,736.0,736.0,736.0,736.0,615.0,615.0,615.0,615.0,615.0,611.0,611.0,611.0,North America,611.0,601.0,601.0,601.0,753.0,753.0,753.0,753.0
Baku,367.0,367.0,367.0,367.0,367.0,367.0,365.0,365.0,365.0,365.0,365.0,365.0,365.0,365.0,365.0,365.0,Europe,365.0,341.0,354.0,354.0,354.0,354.0,354.0,354.0
Baltimore,831.0,831.0,2614.0,2614.0,2614.0,2614.0,802.0,802.0,609.0,609.0,609.0,609.0,609.0,2612.0,2612.0,2612.0,North America,683.0,684.0,625.0,625.0,2612.0,2612.0,765.0,765.0
Bandar Seri Begawan,,,,,,,,,,,,,,,,,,1002.0,1002.0,1002.0,1002.0,,,,
Bangkok,458.0,458.0,458.0,458.0,458.0,458.0,458.0,458.0,459.0,459.0,459.0,459.0,459.0,459.0,459.0,459.0,Asia,459.0,459.0,478.0,478.0,478.0,478.0,499.0,499.0
Bangor,1007.0,1007.0,1007.0,1007.0,1007.0,1007.0,1007.0,1007.0,1006.0,1006.0,1006.0,1006.0,1006.0,1006.0,1006.0,1006.0,North America,1006.0,1007.0,1007.0,1007.0,1007.0,1007.0,1007.0,1007.0
Banja Luka,353.0,353.0,353.0,353.0,353.0,353.0,353.0,353.0,352.0,352.0,352.0,352.0,352.0,352.0,352.0,352.0,Europe,352.0,355.0,357.0,357.0,357.0,357.0,357.0,357.0
Banjul,,,,,,,,,,,,,,,,,,605.0,,,,,,,
Banyuwangi,,,,,,,,,,,,,,,,,,899.0,,1060.0,1060.0,1060.0,1060.0,1060.0,1060.0
Barcelona,71.0,71.0,78.0,78.0,78.0,78.0,78.0,78.0,85.0,85.0,85.0,85.0,85.0,85.0,85.0,85.0,Europe,457.0,74.0,74.0,74.0,74.0,74.0,87.0,87.0
Bari,187.0,187.0,187.0,187.0,187.0,187.0,187.0,187.0,187.0,187.0,187.0,187.0,187.0,187.0,187.0,187.0,Europe,187.0,142.0,141.0,141.0,141.0,141.0,187.0,187.0
Barnaul,,,,,,,,,,,,,,,,,,,,368.0,368.0,368.0,368.0,368.0,368.0
Barreiras,3166.0,3166.0,3166.0,3166.0,3166.0,3166.0,3166.0,3166.0,2725.0,2725.0,2725.0,2725.0,2725.0,2725.0,2725.0,2725.0,South America,2725.0,2726.0,2726.0,2726.0,2726.0,2726.0,2726.0,2726.0
Basco,,,,,,,,,,,,,,,,,,,1026.0,1026.0,1026.0,1026.0,1026.0,1026.0,1026.0
Basel,144.0,144.0,144.0,144.0,144.0,144.0,144.0,144.0,143.0,143.0,143.0,143.0,143.0,143.0,143.0,143.0,Europe,143.0,143.0,144.0,144.0,144.0,144.0,144.0,144.0
Bastia,399.0,399.0,399.0,399.0,399.0,399.0,399.0,399.0,295.0,295.0,295.0,295.0,295.0,295.0,295.0,295.0,Europe,295.0,312.0,242.0,242.0,242.0,242.0,242.0,242.0
Batman,464.0,464.0,464.0,464.0,464.0,464.0,464.0,464.0,464.0,464.0,464.0,464.0,464.0,480.0,480.0,480.0,Europe,480.0,480.0,480.0,480.0,480.0,480.0,480.0,480.0
Baton Rouge,1553.0,1553.0,5197.0,5197.0,5197.0,5197.0,5197.0,5197.0,1077.0,1077.0,1077.0,1077.0,1077.0,5192.0,5192.0,5192.0,North America,5192.0,5192.0,1552.0,1552.0,5192.0,5192.0,1552.0,1552.0
Batumi,,,,,,,,,,,,,,,,,,,515.0,515.0,515.0,515.0,515.0,515.0,515.0
Beijing,477.0,587.0,587.0,587.0,587.0,587.0,587.0,587.0,606.0,606.0,606.0,606.0,606.0,730.0,730.0,730.0,Asia,477.0,479.0,459.0,459.0,477.0,477.0,477.0,477.0
Beirut,307.0,307.0,307.0,307.0,307.0,307.0,329.0,329.0,329.0,329.0,329.0,329.0,329.0,329.0,329.0,329.0,Asia,329.0,331.0,331.0,331.0,362.0,362.0,362.0,362.0
Belgrade,448.0,448.0,448.0,448.0,448.0,448.0,448.0,448.0,447.0,447.0,447.0,447.0,447.0,447.0,447.0,447.0,Europe,447.0,447.0,447.0,447.0,447.0,447.0,447.0,447.0
Belize City,1102.0,1102.0,1209.0,1209.0,1209.0,1209.0,1209.0,1209.0,799.0,799.0,799.0,799.0,799.0,781.0,781.0,781.0,North America,781.0,809.0,833.0,833.0,833.0,833.0,894.0,894.0
Belo Horizonte,1584.0,1584.0,1584.0,1584.0,1584.0,1584.0,1584.0,1584.0,1582.0,1582.0,1582.0,1582.0,1582.0,1582.0,1582.0,1582.0,South America,5467.0,1589.0,1589.0,1589.0,1589.0,1589.0,930.0,930.0
Belém,1988.0,1988.0,1988.0,1988.0,1988.0,1988.0,1989.0,1989.0,1985.0,1985.0,1985.0,1985.0,1985.0,1985.0,1985.0,1985.0,South America,1988.0,1988.0,1988.0,1988.0,1988.0,1988.0,1988.0,1988.0
Bengaluru,680.0,680.0,680.0,680.0,680.0,680.0,680.0,680.0,679.0,679.0,679.0,679.0,679.0,699.0,699.0,699.0,Asia,699.0,699.0,699.0,699.0,699.0,699.0,699.0,699.0
Bergen,210.0,210.0,210.0,210.0,210.0,210.0,210.0,210.0,210.0,210.0,210.0,210.0,210.0,210.0,210.0,210.0,Europe,210.0,210.0,210.0,210.0,210.0,210.0,172.0,172.0
Biarritz,,,,,,,,,,,,,,,,,,237.0,,,,,,253.0,253.0
Bilbao,128.0,128.0,128.0,128.0,128.0,128.0,128.0,128.0,178.0,178.0,178.0,178.0,178.0,146.0,146.0,146.0,Europe,146.0,146.0,146.0,146.0,146.0,146.0,148.0,148.0
Billund,,,,,,,,,,,,,,,,,,137.0,,,,,,,
Birmingham,484.0,484.0,484.0,484.0,484.0,484.0,484.0,484.0,154.0,154.0,154.0,154.0,154.0,154.0,154.0,154.0,Europe,484.0,484.0,126.0,126.0,126.0,484.0,484.0,484.0
Bishkek,,,,,,,,,,,,,,,,,,404.0,453.0,453.0,453.0,453.0,453.0,453.0,453.0
Bodrum,,,,,,,,,,,,,,,,,,,232.0,352.0,352.0,352.0,352.0,352.0,352.0
Bodø,225.0,225.0,225.0,225.0,225.0,225.0,225.0,225.0,670.0,670.0,670.0,670.0,670.0,263.0,263.0,263.0,Europe,239.0,239.0,239.0,239.0,239.0,239.0,231.0,231.0
Bogotá,1038.0,780.0,780.0,780.0,780.0,780.0,780.0,780.0,725.0,725.0,725.0,725.0,725.0,725.0,725.0,725.0,South America,598.0,598.0,598.0,598.0,835.0,598.0,598.0,598.0
Boise,5191.0,5191.0,5191.0,5191.0,5191.0,5191.0,5191.0,5191.0,5183.0,5183.0,5183.0,5183.0,5183.0,5183.0,5183.0,5183.0,North America,5183.0,5187.0,764.0,764.0,764.0,764.0,5187.0,5187.0
Bologna,116.0,116.0,116.0,116.0,116.0,116.0,116.0,116.0,116.0,116.0,116.0,116.0,116.0,116.0,116.0,116.0,Europe,116.0,117.0,117.0,117.0,117.0,117.0,117.0,117.0
Bordeaux,165.0,474.0,474.0,474.0,474.0,474.0,474.0,474.0,164.0,164.0,164.0,164.0,164.0,183.0,183.0,183.0,Europe,183.0,474.0,164.0,164.0,474.0,474.0,164.0,164.0
Boston,502.0,673.0,673.0,673.0,673.0,673.0,673.0,673.0,282.0,282.0,282.0,282.0,282.0,312.0,312.0,312.0,North America,312.0,609.0,312.0,312.0,301.0,301.0,312.0,312.0
Bozeman,2922.0,2922.0,2922.0,2922.0,2922.0,2922.0,2922.0,2922.0,3090.0,3090.0,3090.0,3090.0,3090.0,3090.0,3090.0,3090.0,North America,3090.0,2913.0,2913.0,2913.0,2913.0,2913.0,2913.0,2913.0
Brasilia,,,,,,,,,,,,,,,,,,863.0,,,,,,,
Brest,,,,,,,,,,,,,,,,,,,,272.0,272.0,272.0,272.0,272.0,272.0
Bridgetown,,,,,,,,,,,,,,,,,,,2393.0,2393.0,2393.0,2393.0,2393.0,2393.0,2393.0
Brindisi,,,,,,,,,,,,,,,,,,216.0,,221.0,221.0,221.0,221.0,221.0,221.0
Brisbane,2203.0,2203.0,3683.0,3683.0,3683.0,3683.0,3683.0,3683.0,1839.0,1839.0,1839.0,1839.0,1839.0,1839.0,1839.0,1839.0,Oceania,1263.0,3643.0,1840.0,1840.0,1840.0,3686.0,1840.0,1840.0
Bristol,177.0,991.0,862.0,862.0,862.0,862.0,862.0,862.0,185.0,185.0,185.0,185.0,185.0,866.0,866.0,866.0,Europe,866.0,866.0,186.0,186.0,866.0,866.0,186.0,186.0
Brno,,,,,,,,,,,,,,,,,,214.0,,,,,,,
Brownsville,3173.0,3173.0,3173.0,3173.0,3173.0,3173.0,2932.0,2932.0,4326.0,4326.0,4326.0,4326.0,4326.0,4326.0,4326.0,4326.0,North America,2929.0,2929.0,2929.0,2929.0,2929.0,2929.0,2929.0,2929.0
Brussels,81.0,194.0,194.0,194.0,194.0,194.0,81.0,81.0,81.0,81.0,81.0,81.0,81.0,213.0,213.0,213.0,Europe,81.0,377.0,81.0,81.0,377.0,377.0,81.0,81.0
Bucaramanga,,,,,,,,,,,,,,,,,,975.0,,,,,,,
Bucharest,441.0,441.0,106.0,106.0,106.0,106.0,106.0,106.0,440.0,440.0,440.0,440.0,440.0,440.0,440.0,440.0,Europe,440.0,440.0,440.0,440.0,440.0,167.0,131.0,131.0
Budapest,71.0,91.0,91.0,91.0,91.0,91.0,91.0,91.0,69.0,69.0,69.0,69.0,69.0,74.0,74.0,74.0,Europe,67.0,180.0,74.0,74.0,74.0,92.0,85.0,85.0
Buenos Aires,1011.0,936.0,936.0,936.0,936.0,936.0,856.0,856.0,1009.0,1009.0,1009.0,1009.0,1009.0,2829.0,2829.0,2829.0,South America,1010.0,2829.0,1010.0,1010.0,2829.0,1010.0,1010.0,1010.0
Buffalo,1502.0,1502.0,1502.0,1502.0,1502.0,1502.0,1502.0,1502.0,1501.0,1501.0,1501.0,1501.0,1501.0,1501.0,1501.0,1501.0,North America,1501.0,1502.0,1502.0,1502.0,1502.0,1502.0,1502.0,1502.0
Burbank,,,,,,,,,,,,,,,,,,,669.0,669.0,669.0,2066.0,2066.0,2066.0,2066.0
Burgas,429.0,429.0,429.0,429.0,429.0,429.0,429.0,429.0,332.0,332.0,332.0,332.0,332.0,332.0,332.0,332.0,Europe,332.0,332.0,332.0,332.0,,,,
Busan,2522.0,2522.0,2522.0,2522.0,2522.0,2522.0,2522.0,2522.0,2517.0,2517.0,2517.0,2517.0,2517.0,2517.0,2517.0,2517.0,Asia,2517.0,2520.0,2520.0,2520.0,2520.0,2520.0,2520.0,2520.0
Busuanga,,,,,,,,,,,,,,,,,,,1026.0,1026.0,1026.0,1026.0,1026.0,1026.0,1026.0
Bydgoszcz,,,,,,,,,,,,,,,,,,,173.0,173.0,173.0,173.0,173.0,173.0,173.0
Cagliari,187.0,187.0,187.0,187.0,187.0,187.0,187.0,187.0,205.0,205.0,205.0,205.0,205.0,176.0,176.0,176.0,Europe,176.0,294.0,251.0,251.0,245.0,245.0,245.0,245.0
Cairns,4964.0,3462.0,3462.0,3462.0,3462.0,3462.0,3463.0,3463.0,3457.0,3457.0,3457.0,3457.0,3457.0,3457.0,3457.0,3457.0,Oceania,3460.0,3460.0,3460.0,3460.0,3458.0,3458.0,3458.0,3458.0
Cairo,1135.0,1134.0,1134.0,1134.0,1134.0,1134.0,1134.0,1134.0,1134.0,1134.0,1134.0,1134.0,1134.0,1002.0,1002.0,1002.0,Africa,1002.0,1135.0,1135.0,1135.0,1136.0,1136.0,1136.0,1136.0
Calgary,448.0,715.0,715.0,715.0,715.0,715.0,449.0,449.0,450.0,450.0,450.0,450.0,450.0,650.0,650.0,650.0,North America,650.0,650.0,399.0,399.0,683.0,683.0,683.0,683.0
Calvi,,,,,,,,,,,,,,,,,,,,373.0,373.0,373.0,373.0,373.0,373.0
Canberra,3827.0,3827.0,3827.0,3827.0,3827.0,3827.0,3827.0,3827.0,2248.0,2248.0,2248.0,2248.0,2248.0,2248.0,2248.0,2248.0,Oceania,2258.0,2258.0,2258.0,2258.0,2258.0,2258.0,2258.0,2258.0
Cancún,605.0,605.0,605.0,605.0,605.0,605.0,2137.0,2137.0,626.0,626.0,626.0,626.0,626.0,626.0,626.0,626.0,North America,626.0,,565.0,565.0,565.0,565.0,688.0,688.0
Cape Town,719.0,719.0,1768.0,1768.0,1768.0,1768.0,1768.0,1768.0,676.0,676.0,676.0,676.0,676.0,1865.0,1865.0,1865.0,Africa,680.0,1865.0,563.0,563.0,1865.0,1865.0,1865.0,1865.0
Cardiff,180.0,177.0,177.0,177.0,177.0,177.0,177.0,177.0,177.0,177.0,177.0,177.0,177.0,191.0,191.0,191.0,Europe,191.0,191.0,177.0,177.0,177.0,177.0,177.0,177.0
Casablanca,170.0,170.0,170.0,170.0,170.0,170.0,170.0,170.0,514.0,514.0,514.0,514.0,514.0,514.0,514.0,514.0,Africa,514.0,514.0,180.0,180.0,180.0,180.0,171.0,171.0
Castries,2257.0,2258.0,2258.0,2258.0,2258.0,2258.0,2258.0,2258.0,2253.0,2253.0,2253.0,2253.0,2253.0,2256.0,2256.0,2256.0,North America,2256.0,2256.0,2256.0,2256.0,2256.0,2256.0,2256.0,2256.0
Catania,,,,,,,,,,,,,,,,,,174.0,174.0,133.0,133.0,133.0,220.0,220.0,220.0
Cayenne,,,,,,,,,,,,,,,,,,,,2544.0,2544.0,2544.0,2544.0,2544.0,2544.0
Cebu City,823.0,823.0,823.0,823.0,823.0,823.0,823.0,823.0,613.0,613.0,613.0,613.0,613.0,613.0,613.0,613.0,Asia,617.0,617.0,617.0,617.0,614.0,614.0,614.0,614.0
Cedar Rapids,2864.0,2864.0,2864.0,2864.0,2864.0,2864.0,2864.0,2864.0,3119.0,3119.0,3119.0,3119.0,3119.0,3119.0,3119.0,3119.0,North America,3119.0,2863.0,2863.0,2863.0,2863.0,2863.0,2863.0,2863.0
Chania,347.0,347.0,347.0,347.0,347.0,347.0,347.0,347.0,273.0,273.0,273.0,273.0,273.0,273.0,273.0,273.0,Europe,273.0,273.0,305.0,305.0,305.0,321.0,321.0,321.0
Charleston,986.0,986.0,882.0,882.0,882.0,882.0,882.0,882.0,880.0,880.0,880.0,880.0,880.0,881.0,881.0,881.0,North America,881.0,881.0,881.0,881.0,682.0,671.0,671.0,671.0
Charlotte,975.0,975.0,975.0,975.0,975.0,975.0,860.0,860.0,859.0,859.0,859.0,859.0,859.0,859.0,859.0,859.0,North America,860.0,860.0,860.0,860.0,860.0,860.0,754.0,754.0
Charlottesville,2560.0,2871.0,2871.0,2871.0,2871.0,2871.0,1879.0,1879.0,1878.0,1878.0,1878.0,1878.0,1878.0,2868.0,2868.0,2868.0,North America,1881.0,2874.0,1881.0,1881.0,2868.0,2868.0,1833.0,1833.0
Chattanooga,1061.0,2879.0,2879.0,2879.0,2879.0,2879.0,2879.0,2879.0,1043.0,1043.0,1043.0,1043.0,1043.0,2868.0,2868.0,2868.0,North America,2868.0,2868.0,1044.0,1044.0,2868.0,2868.0,1044.0,1044.0
Chengdu,699.0,699.0,699.0,699.0,699.0,699.0,6596.0,6596.0,697.0,697.0,697.0,697.0,697.0,697.0,697.0,697.0,Asia,6573.0,699.0,699.0,699.0,699.0,6573.0,699.0,699.0
Chennai,1026.0,1026.0,1026.0,1026.0,1026.0,1026.0,1026.0,1026.0,1024.0,1024.0,1024.0,1024.0,1024.0,1024.0,1024.0,1024.0,Asia,1024.0,1024.0,1024.0,1024.0,1024.0,1024.0,1024.0,1024.0
Chiang Mai,2137.0,2137.0,1397.0,1397.0,1397.0,1397.0,1397.0,1397.0,1453.0,1453.0,1453.0,1453.0,1453.0,1453.0,1453.0,1453.0,Asia,1396.0,1455.0,1703.0,1703.0,1703.0,1396.0,2299.0,2299.0
Chicago,488.0,366.0,366.0,366.0,366.0,366.0,366.0,366.0,370.0,370.0,370.0,370.0,370.0,388.0,388.0,388.0,North America,364.0,364.0,371.0,371.0,354.0,1967.0,463.0,463.0
Chongqing,1259.0,2243.0,2243.0,2243.0,2243.0,2243.0,1260.0,1260.0,1258.0,1258.0,1258.0,1258.0,1258.0,2245.0,2245.0,2245.0,Asia,1259.0,2245.0,1259.0,1259.0,2490.0,1259.0,1259.0,1259.0
Christchurch,2296.0,2296.0,2291.0,2291.0,2291.0,2291.0,2291.0,2291.0,2293.0,2293.0,2293.0,2293.0,2293.0,2303.0,2303.0,2303.0,Oceania,2303.0,2303.0,2303.0,2303.0,2303.0,2303.0,2303.0,2303.0
Cincinnati,2032.0,2032.0,2032.0,2032.0,2032.0,2032.0,5197.0,5197.0,1844.0,1844.0,1844.0,1844.0,1844.0,1844.0,1844.0,1844.0,North America,5192.0,1852.0,732.0,732.0,732.0,732.0,1824.0,1824.0
Ciudad de Guatemala,816.0,2428.0,2428.0,2428.0,2428.0,2428.0,2428.0,2428.0,2424.0,2424.0,2424.0,2424.0,2424.0,2424.0,2424.0,2424.0,North America,2424.0,2425.0,2425.0,2425.0,2425.0,2425.0,2425.0,2425.0
Cleveland,1170.0,1170.0,986.0,986.0,986.0,986.0,986.0,986.0,951.0,951.0,951.0,951.0,951.0,951.0,951.0,951.0,North America,952.0,952.0,952.0,952.0,952.0,985.0,985.0,985.0
Cluj Napoca,,,,,,,,,,,,,,,,,,203.0,,,,,,,
Coimbatore,1124.0,1036.0,1036.0,1036.0,1036.0,1036.0,1036.0,1036.0,1034.0,1034.0,1034.0,1034.0,1034.0,1034.0,1034.0,1034.0,Asia,1034.0,1034.0,1034.0,1034.0,1034.0,1034.0,1034.0,1034.0
Cologne,66.0,65.0,65.0,65.0,65.0,65.0,65.0,65.0,61.0,61.0,61.0,61.0,61.0,61.0,61.0,61.0,Europe,61.0,67.0,61.0,61.0,66.0,66.0,66.0,66.0
Colombo,741.0,774.0,774.0,774.0,774.0,774.0,740.0,740.0,761.0,761.0,761.0,761.0,761.0,774.0,774.0,774.0,Asia,765.0,774.0,742.0,742.0,774.0,774.0,774.0,774.0
Colorado Springs,1251.0,1251.0,1251.0,1251.0,1251.0,1251.0,1251.0,1251.0,1123.0,1123.0,1123.0,1123.0,1123.0,1123.0,1123.0,1123.0,North America,1124.0,1124.0,1124.0,1124.0,1124.0,1124.0,1124.0,1124.0
Columbus,1850.0,1850.0,1851.0,1851.0,1851.0,1851.0,1851.0,1851.0,1847.0,1847.0,1847.0,1847.0,1847.0,1849.0,1849.0,1849.0,North America,1849.0,1849.0,1849.0,1849.0,1849.0,1849.0,1849.0,1849.0
Coolangatta,889.0,889.0,8107.0,8107.0,8107.0,8107.0,890.0,890.0,888.0,888.0,888.0,888.0,888.0,8094.0,8094.0,8094.0,Oceania,890.0,8100.0,1411.0,1411.0,8100.0,3788.0,890.0,890.0
Copenhagen,142.0,142.0,142.0,142.0,142.0,142.0,142.0,142.0,450.0,450.0,450.0,450.0,450.0,450.0,450.0,450.0,Europe,451.0,149.0,103.0,103.0,103.0,103.0,451.0,451.0
Cordoba,2269.0,2269.0,2269.0,2269.0,2269.0,2269.0,3114.0,3114.0,2266.0,2266.0,2266.0,2266.0,2266.0,2266.0,2266.0,2266.0,South America,3111.0,988.0,2268.0,2268.0,2268.0,3111.0,2268.0,2268.0
Corfu,305.0,305.0,359.0,359.0,359.0,359.0,268.0,268.0,326.0,326.0,326.0,326.0,326.0,357.0,357.0,357.0,Europe,227.0,363.0,296.0,296.0,363.0,363.0,307.0,307.0
Cork,231.0,231.0,231.0,231.0,231.0,231.0,231.0,231.0,231.0,231.0,231.0,231.0,231.0,232.0,232.0,232.0,Europe,232.0,232.0,232.0,232.0,232.0,232.0,232.0,232.0
Crotone,,,,,,,,,,,,,,,,,,180.0,180.0,180.0,180.0,,,,
Cusco,,,,,,,,,,,,,,,,,,,,1136.0,1136.0,1136.0,1136.0,1136.0,1136.0
Dakar,,,,,,,,,,,,,,,,,,380.0,,,,,,,
Dalaman,,,,,,,,,,,,,,,,,,,,,,,,251.0,251.0
Dallas,1518.0,1564.0,1564.0,1564.0,1564.0,1564.0,1564.0,1564.0,1516.0,1516.0,1516.0,1516.0,1516.0,1562.0,1562.0,1562.0,North America,1562.0,711.0,711.0,711.0,1564.0,1564.0,885.0,885.0
Dammam,1161.0,1161.0,1161.0,1161.0,1161.0,1161.0,994.0,994.0,1089.0,1089.0,1089.0,1089.0,1089.0,1089.0,1089.0,1089.0,Asia,992.0,1151.0,1063.0,1063.0,1063.0,1063.0,1081.0,1081.0
Darwin,1074.0,1074.0,1074.0,1074.0,1074.0,1074.0,1280.0,1280.0,1278.0,1278.0,1278.0,1278.0,1278.0,1278.0,1278.0,1278.0,Oceania,1080.0,1331.0,1080.0,1080.0,1220.0,1220.0,1220.0,1220.0
Davao City,861.0,861.0,883.0,883.0,883.0,883.0,883.0,883.0,947.0,947.0,947.0,947.0,947.0,947.0,947.0,947.0,Asia,947.0,951.0,951.0,951.0,951.0,951.0,951.0,951.0
Dayton,2342.0,2342.0,2870.0,2870.0,2870.0,2870.0,2870.0,2870.0,3102.0,3102.0,3102.0,3102.0,3102.0,3102.0,3102.0,3102.0,North America,2867.0,2867.0,2867.0,2867.0,2867.0,2867.0,2867.0,2867.0
Daytona Beach,3223.0,3223.0,3223.0,3223.0,3223.0,3223.0,3223.0,3223.0,3217.0,3217.0,3217.0,3217.0,3217.0,824.0,824.0,824.0,North America,3221.0,1460.0,3221.0,3221.0,2692.0,2692.0,869.0,869.0
Denpasar,534.0,541.0,541.0,541.0,541.0,541.0,541.0,541.0,472.0,472.0,472.0,472.0,472.0,476.0,476.0,476.0,Asia,471.0,551.0,489.0,489.0,476.0,476.0,476.0,476.0
Denver,727.0,5128.0,5128.0,5128.0,5128.0,5128.0,893.0,893.0,597.0,597.0,597.0,597.0,597.0,5128.0,5128.0,5128.0,North America,599.0,5133.0,511.0,511.0,5133.0,5133.0,898.0,898.0
Des Moines,1688.0,1688.0,1688.0,1688.0,1688.0,1688.0,1688.0,1688.0,1686.0,1686.0,1686.0,1686.0,1686.0,1686.0,1686.0,1686.0,North America,1687.0,1687.0,1687.0,1687.0,1687.0,1687.0,1687.0,1687.0
Detroit,960.0,960.0,5192.0,5192.0,5192.0,5192.0,1713.0,1713.0,958.0,958.0,958.0,958.0,958.0,958.0,958.0,958.0,North America,1711.0,5187.0,960.0,960.0,960.0,1711.0,960.0,960.0
Dhaka,5591.0,5591.0,5591.0,5591.0,5591.0,5591.0,5319.0,5319.0,5309.0,5309.0,5309.0,5309.0,5309.0,5309.0,5309.0,5309.0,Asia,5313.0,5313.0,5313.0,5313.0,5313.0,5313.0,798.0,798.0
Diyarbakır,864.0,863.0,863.0,863.0,863.0,863.0,863.0,863.0,864.0,864.0,864.0,864.0,864.0,496.0,496.0,496.0,Europe,496.0,496.0,496.0,496.0,496.0,496.0,496.0,496.0
Doha,1766.0,1766.0,1763.0,1763.0,1763.0,1763.0,1763.0,1763.0,1763.0,1763.0,1763.0,1763.0,1763.0,713.0,713.0,713.0,Asia,1764.0,1683.0,1764.0,1764.0,1764.0,1764.0,1764.0,1764.0
Douala,834.0,820.0,820.0,820.0,820.0,820.0,834.0,834.0,832.0,832.0,832.0,832.0,832.0,811.0,811.0,811.0,Africa,821.0,811.0,821.0,821.0,811.0,811.0,723.0,723.0
Dubai,828.0,828.0,372.0,372.0,372.0,372.0,372.0,372.0,357.0,357.0,357.0,357.0,357.0,1261.0,1261.0,1261.0,Asia,1261.0,1261.0,827.0,827.0,1261.0,1261.0,388.0,388.0
Dublin,95.0,131.0,131.0,131.0,131.0,131.0,131.0,131.0,95.0,95.0,95.0,95.0,95.0,131.0,131.0,131.0,Europe,126.0,131.0,91.0,91.0,115.0,102.0,96.0,96.0
Dubrovnik,,,,,,,,,,,,,,,,,,220.0,228.0,205.0,205.0,205.0,205.0,164.0,164.0
Duluth,2870.0,2870.0,2870.0,2870.0,2870.0,2870.0,2870.0,2870.0,3201.0,3201.0,3201.0,3201.0,3201.0,3201.0,3201.0,3201.0,North America,3201.0,2868.0,2868.0,2868.0,2868.0,2868.0,5192.0,5192.0
Dumaguete City,,,,,,,,,,,,,,,,,,1188.0,1188.0,1188.0,1188.0,1188.0,1188.0,1188.0,1188.0
Dunedin,,,,,,,,,,,,,,,,,,1832.0,1834.0,1834.0,,1834.0,1834.0,,
Durban,962.0,2270.0,2270.0,2270.0,2270.0,2270.0,2270.0,2270.0,961.0,961.0,961.0,961.0,961.0,2274.0,2274.0,2274.0,Africa,2274.0,2277.0,966.0,966.0,2277.0,2277.0,966.0,966.0
Dushanbe,,,,,,,,,,,,,,,,,,801.0,670.0,633.0,633.0,633.0,633.0,633.0,633.0
Düsseldorf,88.0,81.0,81.0,81.0,81.0,81.0,81.0,81.0,79.0,79.0,79.0,79.0,79.0,78.0,78.0,78.0,Europe,78.0,491.0,81.0,81.0,491.0,491.0,89.0,89.0
Edinburgh,158.0,158.0,158.0,158.0,158.0,158.0,158.0,158.0,156.0,156.0,156.0,156.0,156.0,156.0,156.0,156.0,Europe,156.0,222.0,173.0,173.0,173.0,172.0,172.0,172.0
Edmonton,2509.0,2509.0,2509.0,2509.0,2509.0,2509.0,2666.0,2666.0,2505.0,2505.0,2505.0,2505.0,2505.0,2505.0,2505.0,2505.0,North America,2663.0,2506.0,2506.0,2506.0,2506.0,2506.0,2506.0,2506.0
Edremit (Balikesir),,,,,,,,,,,,,,,,,,,544.0,544.0,544.0,544.0,544.0,544.0,544.0
El Paso,1251.0,1109.0,1109.0,1109.0,1109.0,1109.0,1109.0,1109.0,1090.0,1090.0,1090.0,1090.0,1090.0,1091.0,1091.0,1091.0,North America,1091.0,1091.0,1091.0,1091.0,1091.0,1091.0,1091.0,1091.0
Entebbe,636.0,636.0,636.0,636.0,636.0,636.0,636.0,636.0,5725.0,5725.0,5725.0,5725.0,5725.0,5725.0,5725.0,5725.0,Africa,5725.0,5729.0,5729.0,5729.0,5729.0,5729.0,5729.0,5729.0
Ermoupoli,,,,,,,,,,,,,,,,,,448.0,448.0,448.0,448.0,448.0,448.0,448.0,448.0
Eugene,1270.0,1188.0,1188.0,1188.0,1188.0,1188.0,1188.0,1188.0,1186.0,1186.0,1186.0,1186.0,1186.0,1182.0,1182.0,1182.0,North America,1182.0,1182.0,1182.0,1182.0,1187.0,1187.0,1187.0,1187.0
Evenes,288.0,288.0,288.0,288.0,288.0,288.0,288.0,288.0,277.0,277.0,277.0,277.0,277.0,277.0,277.0,277.0,Europe,277.0,277.0,333.0,333.0,247.0,247.0,247.0,247.0
Fairbanks,3185.0,3185.0,3185.0,3185.0,3185.0,3185.0,3185.0,3185.0,3182.0,3182.0,3182.0,3182.0,3182.0,3182.0,3182.0,3182.0,North America,3182.0,3196.0,3196.0,3196.0,3196.0,3196.0,3196.0,3196.0
Faisalābād,1016.0,1016.0,1016.0,1016.0,1016.0,1016.0,1017.0,1017.0,1015.0,1015.0,1015.0,1015.0,1015.0,1015.0,1015.0,1015.0,Asia,1016.0,1016.0,1016.0,1016.0,1016.0,1016.0,1016.0,1016.0
Fargo,2523.0,2523.0,2523.0,2523.0,2523.0,2523.0,2914.0,2914.0,3146.0,3146.0,3146.0,3146.0,3146.0,3146.0,3146.0,3146.0,North America,2912.0,2913.0,2913.0,2913.0,2913.0,2912.0,2913.0,2913.0
Faro,125.0,160.0,160.0,160.0,160.0,160.0,160.0,160.0,158.0,158.0,158.0,158.0,158.0,338.0,338.0,338.0,Europe,338.0,341.0,217.0,217.0,338.0,338.0,338.0,338.0
Fayetteville,2124.0,2879.0,2879.0,2879.0,2879.0,2879.0,2879.0,2879.0,2121.0,2121.0,2121.0,2121.0,2121.0,2876.0,2876.0,2876.0,North America,2876.0,2868.0,2123.0,2123.0,2868.0,1090.0,1090.0,1090.0
Fez,,,,,,,,,,,,,,,,,,,,251.0,251.0,251.0,251.0,251.0,251.0
Figari,,,,,,,,,,,,,,,,,,,,268.0,268.0,268.0,268.0,268.0,268.0
Flint,2870.0,2870.0,2870.0,2870.0,2870.0,2870.0,2870.0,2870.0,4374.0,4374.0,4374.0,4374.0,4374.0,4374.0,4374.0,4374.0,North America,2868.0,2868.0,2876.0,2876.0,2876.0,2876.0,2868.0,2868.0
Florence,519.0,518.0,518.0,518.0,518.0,518.0,518.0,518.0,175.0,175.0,175.0,175.0,175.0,518.0,518.0,518.0,Europe,192.0,518.0,210.0,210.0,518.0,518.0,518.0,518.0
Fort Lauderdale,1618.0,1902.0,1902.0,1902.0,1902.0,1902.0,637.0,637.0,632.0,632.0,632.0,632.0,632.0,1899.0,1899.0,1899.0,North America,1901.0,1880.0,819.0,819.0,1880.0,863.0,815.0,815.0
Fort Myers,675.0,675.0,424.0,424.0,424.0,424.0,424.0,424.0,425.0,425.0,425.0,425.0,425.0,425.0,425.0,425.0,North America,426.0,426.0,426.0,426.0,426.0,426.0,426.0,426.0
Fort Smith,1582.0,3116.0,3116.0,3116.0,3116.0,3116.0,3116.0,3116.0,1576.0,1576.0,1576.0,1576.0,1576.0,3133.0,3133.0,3133.0,North America,3133.0,3133.0,1577.0,1577.0,3133.0,3133.0,1577.0,1577.0
Fort Wayne,2131.0,2131.0,2131.0,2131.0,2131.0,2131.0,2131.0,2131.0,3119.0,3119.0,3119.0,3119.0,3119.0,3119.0,3119.0,3119.0,North America,3119.0,2867.0,2867.0,2867.0,2867.0,2867.0,2867.0,2867.0
Fortaleza,1865.0,1865.0,1864.0,1864.0,1864.0,1864.0,1862.0,1862.0,1862.0,1862.0,1862.0,1862.0,1862.0,1862.0,1862.0,1862.0,South America,1864.0,1864.0,1864.0,1864.0,619.0,619.0,619.0,619.0
Foz do Iguaçu,,,,,,,,,,,,,,,,,,,,1037.0,1037.0,1037.0,1037.0,1037.0,1037.0
Frankfurt am Main,412.0,412.0,412.0,412.0,412.0,412.0,412.0,412.0,412.0,412.0,412.0,412.0,412.0,120.0,120.0,120.0,Europe,120.0,120.0,120.0,120.0,120.0,120.0,120.0,120.0
Funchal,174.0,159.0,159.0,159.0,159.0,159.0,159.0,159.0,159.0,159.0,159.0,159.0,159.0,159.0,159.0,159.0,Europe,402.0,275.0,287.0,287.0,287.0,287.0,313.0,313.0
General Santos,,,,,,,,,,,,,,,,,,1201.0,1201.0,1201.0,1201.0,1201.0,1201.0,1201.0,1201.0
Geneva,420.0,420.0,420.0,420.0,420.0,420.0,420.0,420.0,420.0,420.0,420.0,420.0,420.0,420.0,420.0,420.0,Europe,420.0,420.0,140.0,140.0,420.0,420.0,420.0,420.0
Genoa,,,,,,,,,,,,,,,,,,174.0,,,,,,,
George Town,799.0,7067.0,7067.0,7067.0,7067.0,7067.0,798.0,798.0,798.0,798.0,798.0,798.0,798.0,7055.0,7055.0,7055.0,Asia,813.0,7062.0,813.0,813.0,7062.0,798.0,798.0,798.0
Girona,314.0,314.0,195.0,195.0,195.0,195.0,195.0,195.0,195.0,195.0,195.0,195.0,195.0,195.0,195.0,195.0,Europe,484.0,484.0,375.0,375.0,375.0,375.0,317.0,317.0
Glasgow,188.0,188.0,188.0,188.0,188.0,188.0,188.0,188.0,190.0,190.0,190.0,190.0,190.0,200.0,200.0,200.0,Europe,200.0,200.0,199.0,199.0,199.0,261.0,176.0,176.0
Gothenburg,,,,,,,,,,,,,,,,,,,131.0,131.0,131.0,131.0,131.0,148.0,148.0
Granada,402.0,402.0,402.0,402.0,402.0,402.0,402.0,402.0,402.0,402.0,402.0,402.0,402.0,402.0,402.0,402.0,Europe,245.0,245.0,402.0,402.0,402.0,402.0,402.0,402.0
Granadilla,201.0,201.0,201.0,201.0,201.0,201.0,199.0,199.0,192.0,192.0,192.0,192.0,192.0,192.0,192.0,192.0,Europe,203.0,203.0,195.0,195.0,195.0,193.0,194.0,194.0
Grand Forks,3268.0,3268.0,3268.0,3268.0,3268.0,3268.0,3268.0,3268.0,3265.0,3265.0,3265.0,3265.0,3265.0,3265.0,3265.0,3265.0,North America,3265.0,3279.0,3279.0,3279.0,3279.0,3279.0,3279.0,3279.0
Grand Rapids,2342.0,2342.0,2342.0,2342.0,2342.0,2342.0,2870.0,2870.0,3102.0,3102.0,3102.0,3102.0,3102.0,3102.0,3102.0,3102.0,North America,2855.0,2855.0,2855.0,2855.0,2855.0,1293.0,1293.0,1293.0
Graz,182.0,182.0,182.0,182.0,182.0,182.0,182.0,182.0,158.0,158.0,158.0,158.0,158.0,182.0,182.0,182.0,Europe,168.0,182.0,182.0,182.0,182.0,182.0,182.0,182.0
Green Bay,1174.0,1174.0,1160.0,1160.0,1160.0,1160.0,1160.0,1160.0,1158.0,1158.0,1158.0,1158.0,1158.0,1158.0,1158.0,1158.0,North America,1159.0,1159.0,1159.0,1159.0,1159.0,1159.0,1159.0,1159.0
Greensboro,1126.0,1126.0,1126.0,1126.0,1126.0,1126.0,1037.0,1037.0,1034.0,1034.0,1034.0,1034.0,1034.0,1034.0,1034.0,1034.0,North America,1036.0,1036.0,1036.0,1036.0,1036.0,1036.0,1036.0,1036.0
Greenville,2852.0,2852.0,2852.0,2852.0,2852.0,2852.0,2852.0,2852.0,1160.0,1160.0,1160.0,1160.0,1160.0,1160.0,1160.0,1160.0,North America,1160.0,2851.0,2862.0,2862.0,2862.0,2862.0,2862.0,2862.0
Guadalajara,,,,,,,,,,,,,,,,,,,855.0,855.0,855.0,855.0,855.0,855.0,855.0
Guayaquil,,,,,,,,,,,,,,,,,,,660.0,1013.0,1013.0,1013.0,1013.0,1013.0,1013.0
Guiyang,1473.0,2355.0,2355.0,2355.0,2355.0,2355.0,1473.0,1473.0,1471.0,1471.0,1471.0,1471.0,1471.0,2355.0,2355.0,2355.0,Asia,1471.0,2358.0,1471.0,1471.0,2810.0,1471.0,1471.0,1471.0
Halifax,2125.0,580.0,580.0,580.0,580.0,580.0,580.0,580.0,2625.0,2625.0,2625.0,2625.0,2625.0,2625.0,2625.0,2625.0,North America,2213.0,2213.0,554.0,554.0,554.0,1140.0,1140.0,1140.0
Hamburg,490.0,490.0,490.0,490.0,490.0,490.0,635.0,635.0,489.0,489.0,489.0,489.0,489.0,180.0,180.0,180.0,Europe,180.0,180.0,491.0,491.0,491.0,491.0,491.0,491.0
Hanga Roa,,,,,,,,,,,,,,,,,,1922.0,1922.0,1922.0,1922.0,1922.0,1922.0,1922.0,1922.0
Hanoi,694.0,694.0,519.0,519.0,519.0,519.0,519.0,519.0,519.0,519.0,519.0,519.0,519.0,521.0,521.0,521.0,Asia,521.0,576.0,576.0,576.0,576.0,576.0,576.0,576.0
Harare,5474.0,5474.0,5474.0,5474.0,5474.0,5474.0,5765.0,5765.0,5754.0,5754.0,5754.0,5754.0,5754.0,5754.0,5754.0,5754.0,Africa,5759.0,5759.0,6078.0,6078.0,6078.0,6078.0,6078.0,6078.0
Harrisburg,986.0,875.0,875.0,875.0,875.0,875.0,875.0,875.0,873.0,873.0,873.0,873.0,873.0,875.0,875.0,875.0,North America,875.0,875.0,875.0,875.0,875.0,875.0,875.0,875.0
Hartford,736.0,736.0,2128.0,2128.0,2128.0,2128.0,2128.0,2128.0,745.0,745.0,745.0,745.0,745.0,2126.0,2126.0,2126.0,North America,2126.0,2126.0,941.0,941.0,769.0,769.0,769.0,769.0
Hat Yai,2779.0,2779.0,2779.0,2779.0,2779.0,2779.0,2779.0,2779.0,2777.0,2777.0,2777.0,2777.0,2777.0,2777.0,2777.0,2777.0,Asia,2777.0,2789.0,2789.0,2789.0,2789.0,2789.0,2789.0,2789.0
Haugesund,,,,,,,,,,,,,,,,,,,,,,,,326.0,326.0
Havana,,,,,,,,,,,,,,,,,,679.0,818.0,606.0,606.0,818.0,818.0,572.0,572.0
Helena,1385.0,1385.0,1385.0,1385.0,1385.0,1385.0,1384.0,1384.0,1239.0,1239.0,1239.0,1239.0,1239.0,1239.0,1239.0,1239.0,North America,1244.0,1244.0,1244.0,1244.0,1244.0,1244.0,1383.0,1383.0
Helsinki,162.0,162.0,463.0,463.0,463.0,463.0,463.0,463.0,105.0,105.0,105.0,105.0,105.0,105.0,105.0,105.0,Europe,462.0,462.0,93.0,93.0,93.0,462.0,105.0,105.0
Heraklion,232.0,232.0,321.0,321.0,321.0,321.0,272.0,272.0,202.0,202.0,202.0,202.0,202.0,296.0,296.0,296.0,Europe,202.0,202.0,220.0,220.0,220.0,201.0,201.0,201.0
Hilo,4778.0,4778.0,4778.0,4778.0,4778.0,4778.0,4779.0,4779.0,4751.0,4751.0,4751.0,4751.0,4751.0,4751.0,4751.0,4751.0,North America,4756.0,4756.0,4776.0,4776.0,4776.0,4776.0,4756.0,4756.0
Ho Chi Minh City,772.0,773.0,773.0,773.0,773.0,773.0,773.0,773.0,776.0,776.0,776.0,776.0,776.0,728.0,728.0,728.0,Asia,728.0,778.0,778.0,778.0,778.0,778.0,778.0,778.0
Hobart,1312.0,1312.0,1312.0,1312.0,1312.0,1312.0,1312.0,1312.0,1310.0,1310.0,1310.0,1310.0,1310.0,1310.0,1310.0,1310.0,Oceania,1310.0,1311.0,1311.0,1311.0,1311.0,1311.0,1311.0,1311.0
Hong Kong,,,,,,,,,,,,,,,,,,637.0,637.0,550.0,550.0,637.0,637.0,637.0,637.0
Honolulu,1194.0,1237.0,1237.0,1237.0,1237.0,1237.0,1198.0,1198.0,1195.0,1195.0,1195.0,1195.0,1195.0,1919.0,1919.0,1919.0,North America,1196.0,1919.0,1054.0,1054.0,1919.0,1919.0,1196.0,1196.0
Horta,,,,,,,,,,,,,,,,,,,,528.0,528.0,528.0,528.0,528.0,528.0
Houston,1095.0,1095.0,1095.0,1095.0,1095.0,1095.0,656.0,656.0,666.0,666.0,666.0,666.0,666.0,688.0,688.0,688.0,North America,688.0,688.0,688.0,688.0,2877.0,632.0,632.0,632.0
Huntsville,1688.0,2871.0,1544.0,1544.0,1544.0,1544.0,1544.0,1544.0,1525.0,1525.0,1525.0,1525.0,1525.0,1526.0,1526.0,1526.0,North America,1526.0,1526.0,1526.0,1526.0,1526.0,1526.0,1526.0,1526.0
Hurghada,469.0,469.0,469.0,469.0,469.0,469.0,469.0,469.0,487.0,487.0,487.0,487.0,487.0,487.0,487.0,487.0,Africa,487.0,487.0,416.0,416.0,499.0,499.0,499.0,499.0
Hyderabad,2062.0,2062.0,2062.0,2062.0,2062.0,2062.0,2062.0,2062.0,2060.0,2060.0,2060.0,2060.0,2060.0,2060.0,2060.0,2060.0,Asia,2061.0,2061.0,2061.0,2061.0,2061.0,2061.0,2061.0,2061.0
Ibiza,183.0,178.0,178.0,178.0,178.0,178.0,146.0,146.0,146.0,146.0,146.0,146.0,146.0,231.0,231.0,231.0,Europe,147.0,147.0,215.0,215.0,215.0,215.0,207.0,207.0
Indianapolis,1144.0,1144.0,2830.0,2830.0,2830.0,2830.0,2830.0,2830.0,3102.0,3102.0,3102.0,3102.0,3102.0,3102.0,3102.0,3102.0,North America,2828.0,2828.0,2828.0,2828.0,2828.0,2833.0,2833.0,2833.0
Innsbruck,,,,,,,,,,,,,,,,,,187.0,187.0,187.0,187.0,187.0,187.0,187.0,187.0
Inverness,,,,,,,,,,,,,,,,,,,238.0,238.0,238.0,238.0,238.0,238.0,238.0
Irkutsk,455.0,455.0,455.0,455.0,455.0,455.0,455.0,455.0,534.0,534.0,534.0,534.0,534.0,534.0,534.0,534.0,Europe,525.0,525.0,525.0,525.0,525.0,525.0,525.0,525.0
Islamabad,2282.0,2283.0,2283.0,2283.0,2283.0,2283.0,2283.0,2283.0,822.0,822.0,822.0,822.0,822.0,2281.0,2281.0,2281.0,Asia,822.0,2282.0,822.0,822.0,2282.0,822.0,822.0,822.0
Islip,,,,,,,,,,,,,,,,,,842.0,842.0,980.0,980.0,980.0,980.0,980.0,980.0
Istanbul,155.0,155.0,181.0,181.0,181.0,181.0,154.0,154.0,156.0,156.0,156.0,156.0,156.0,154.0,154.0,154.0,Europe,211.0,146.0,155.0,155.0,154.0,154.0,154.0,154.0
Ixtapa,1904.0,1905.0,1905.0,1905.0,1905.0,1905.0,1905.0,1905.0,1906.0,1906.0,1906.0,1906.0,1906.0,1903.0,1903.0,1903.0,North America,1903.0,1904.0,1904.0,1904.0,1904.0,1904.0,1904.0,1904.0
Izmir,157.0,157.0,157.0,157.0,157.0,157.0,157.0,157.0,159.0,159.0,159.0,159.0,159.0,159.0,159.0,159.0,Europe,159.0,150.0,177.0,177.0,177.0,177.0,168.0,168.0
Jakarta,542.0,707.0,707.0,707.0,707.0,707.0,707.0,707.0,710.0,710.0,710.0,710.0,710.0,710.0,710.0,710.0,Asia,710.0,710.0,560.0,560.0,707.0,707.0,629.0,629.0
Jeddah,641.0,641.0,641.0,641.0,641.0,641.0,641.0,641.0,641.0,641.0,641.0,641.0,641.0,641.0,641.0,641.0,Asia,641.0,641.0,640.0,640.0,640.0,640.0,640.0,640.0
Jeju City,1647.0,1647.0,1649.0,1649.0,1649.0,1649.0,1649.0,1649.0,1645.0,1645.0,1645.0,1645.0,1645.0,1645.0,1645.0,1645.0,Asia,1648.0,1648.0,1648.0,1648.0,1648.0,1648.0,1648.0,1648.0
Jerez de la Frontera,,,,,,,,,,,,,,,,,,318.0,318.0,318.0,318.0,318.0,318.0,318.0,318.0
Johannesburg,640.0,515.0,691.0,691.0,691.0,691.0,691.0,691.0,506.0,506.0,506.0,506.0,506.0,506.0,506.0,506.0,Africa,691.0,468.0,468.0,468.0,468.0,694.0,694.0,694.0
Johor Bahru,2974.0,2974.0,2974.0,2974.0,2974.0,2974.0,2974.0,2974.0,2972.0,2972.0,2972.0,2972.0,2972.0,2972.0,2972.0,2972.0,Asia,2974.0,2974.0,2974.0,2974.0,2974.0,2974.0,2974.0,2974.0
Kahului,,,,,,,,,,,,,,,,,,,,4528.0,4528.0,4528.0,4528.0,4528.0,4528.0
Kailua-Kona,1367.0,1367.0,1327.0,1327.0,1327.0,1327.0,1327.0,1327.0,1324.0,1324.0,1324.0,1324.0,1324.0,1324.0,1324.0,1324.0,North America,1326.0,1326.0,1326.0,1326.0,1326.0,1326.0,1326.0,1326.0
Kajaani,,,,,,,,,,,,,,,,,,,,,,,,226.0,226.0
Kalamata,776.0,776.0,776.0,776.0,776.0,776.0,271.0,271.0,366.0,366.0,366.0,366.0,366.0,362.0,362.0,362.0,Europe,362.0,362.0,362.0,362.0,362.0,362.0,362.0,362.0
Kalibo,,,,,,,,,,,,,,,,,,,947.0,947.0,947.0,947.0,947.0,947.0,947.0
Kalispell,1195.0,1193.0,1193.0,1193.0,1193.0,1193.0,1193.0,1193.0,1120.0,1120.0,1120.0,1120.0,1120.0,1199.0,1199.0,1199.0,North America,1199.0,1199.0,1199.0,1199.0,1199.0,1199.0,1199.0,1199.0
Kansas City,746.0,2858.0,2858.0,2858.0,2858.0,2858.0,2841.0,2841.0,2844.0,2844.0,2844.0,2844.0,2844.0,2864.0,2864.0,2864.0,North America,2848.0,2855.0,2848.0,2848.0,2867.0,2867.0,2848.0,2848.0
Karlsruhe,,,,,,,,,,,,,,,,,,185.0,185.0,185.0,185.0,,,,
Kathmandu,,,,,,,,,,,,,,,,,,,723.0,723.0,723.0,723.0,723.0,723.0,723.0
Kavála,,,,,,,,,,,,,,,,,,,,379.0,379.0,379.0,379.0,379.0,379.0
Kelowna,2369.0,2369.0,1970.0,1970.0,1970.0,1970.0,1307.0,1307.0,1305.0,1305.0,1305.0,1305.0,1305.0,1967.0,1967.0,1967.0,North America,1305.0,1967.0,1305.0,1305.0,1967.0,1967.0,1305.0,1305.0
Key West,,,,,,,,,,,,,,,,,,606.0,606.0,606.0,606.0,,,,
Khujand,,,,,,,,,,,,,,,,,,608.0,,,,,,,
Kiev,105.0,105.0,105.0,105.0,105.0,105.0,149.0,149.0,149.0,149.0,149.0,149.0,149.0,149.0,149.0,149.0,Europe,149.0,117.0,112.0,112.0,112.0,112.0,149.0,149.0
Killeen,1582.0,4010.0,4010.0,4010.0,4010.0,4010.0,2930.0,2930.0,1576.0,1576.0,1576.0,1576.0,1576.0,2927.0,2927.0,2927.0,North America,2927.0,2927.0,1577.0,1577.0,2927.0,2927.0,1577.0,1577.0
Kingston,2356.0,2356.0,2351.0,2351.0,2351.0,2351.0,2351.0,2351.0,2354.0,2354.0,2354.0,2354.0,2354.0,2354.0,2354.0,2354.0,North America,2357.0,2357.0,2357.0,2357.0,2357.0,2357.0,2357.0,2357.0
Kiruna,,,,,,,,,,,,,,,,,,271.0,,220.0,220.0,220.0,220.0,220.0,220.0
Klagenfurt,,,,,,,,,,,,,,,,,,211.0,211.0,211.0,211.0,211.0,211.0,211.0,211.0
Ko Samui,846.0,846.0,846.0,846.0,846.0,846.0,846.0,846.0,849.0,849.0,849.0,849.0,849.0,849.0,849.0,849.0,Asia,741.0,741.0,853.0,853.0,853.0,853.0,853.0,853.0
Kota Kinabalu,1767.0,1767.0,1768.0,1768.0,1768.0,1768.0,1768.0,1768.0,1764.0,1764.0,1764.0,1764.0,1764.0,1764.0,1764.0,1764.0,Asia,1765.0,995.0,750.0,750.0,750.0,1765.0,1765.0,1765.0
Krabi,628.0,6131.0,2283.0,2283.0,2283.0,2283.0,2283.0,2283.0,2262.0,2262.0,2262.0,2262.0,2262.0,6121.0,6121.0,6121.0,Asia,2272.0,6126.0,497.0,497.0,6126.0,2272.0,2272.0,2272.0
Krakow,108.0,108.0,108.0,108.0,108.0,108.0,108.0,108.0,80.0,80.0,80.0,80.0,80.0,80.0,80.0,80.0,Europe,80.0,80.0,80.0,80.0,,,99.0,99.0
Krasnoyarsk,,,,,,,,,,,,,,,,,,488.0,488.0,415.0,415.0,415.0,415.0,415.0,415.0
Kuala Lumpur,476.0,476.0,475.0,475.0,475.0,475.0,475.0,475.0,476.0,476.0,476.0,476.0,476.0,478.0,478.0,478.0,Asia,478.0,428.0,432.0,432.0,478.0,478.0,466.0,466.0
Kuantan,2319.0,2400.0,2400.0,2400.0,2400.0,2400.0,2315.0,2315.0,2317.0,2317.0,2317.0,2317.0,2317.0,2396.0,2396.0,2396.0,Asia,2326.0,2398.0,2326.0,2326.0,2398.0,2398.0,2326.0,2326.0
Kulusuk,,,,,,,,,,,,,,,,,,1102.0,1102.0,1102.0,1102.0,,,,
Kutaisi,,,,,,,,,,,,,,,,,,,276.0,276.0,276.0,276.0,276.0,276.0,276.0
La Coruña,,,,,,,,,,,,,,,,,,,,,,,,351.0,351.0
La Paz,1398.0,1398.0,1398.0,1398.0,1398.0,1398.0,1399.0,1399.0,1396.0,1396.0,1396.0,1396.0,1396.0,1396.0,1396.0,1396.0,South America,1397.0,1397.0,1404.0,1404.0,1404.0,1643.0,1404.0,1404.0
Lafayette,,,,,,,,,,,,,,,,,,1184.0,1184.0,1184.0,1184.0,,,,
Lagos,1822.0,1822.0,1822.0,1822.0,1822.0,1822.0,1822.0,1822.0,1819.0,1819.0,1819.0,1819.0,1819.0,1819.0,1819.0,1819.0,Africa,1819.0,652.0,1821.0,1821.0,1821.0,1821.0,1876.0,1876.0
Lahore,853.0,853.0,853.0,853.0,853.0,853.0,851.0,851.0,851.0,851.0,851.0,851.0,851.0,852.0,852.0,852.0,Asia,851.0,852.0,852.0,852.0,852.0,852.0,852.0,852.0
Lajes,,,,,,,,,,,,,,,,,,,,201.0,201.0,201.0,201.0,201.0,201.0
Lamezia Terme,186.0,186.0,186.0,186.0,186.0,186.0,186.0,186.0,225.0,225.0,225.0,225.0,225.0,225.0,225.0,225.0,Europe,204.0,204.0,204.0,204.0,204.0,204.0,204.0,204.0
Lancaster,1155.0,1155.0,1155.0,1155.0,1155.0,1155.0,1156.0,1156.0,1153.0,1153.0,1153.0,1153.0,1153.0,1153.0,1153.0,1153.0,North America,1154.0,1154.0,1154.0,1154.0,1154.0,1154.0,1154.0,1154.0
Lansing,2056.0,2056.0,1688.0,1688.0,1688.0,1688.0,1688.0,1688.0,2044.0,2044.0,2044.0,2044.0,2044.0,2044.0,2044.0,2044.0,North America,1687.0,2046.0,2046.0,2046.0,2046.0,1687.0,2046.0,2046.0
Laoag,,,,,,,,,,,,,,,,,,1189.0,1189.0,1189.0,1189.0,1189.0,1189.0,1189.0,1189.0
Larnaca,188.0,188.0,188.0,188.0,188.0,188.0,188.0,188.0,299.0,299.0,299.0,299.0,299.0,299.0,299.0,299.0,Europe,299.0,299.0,299.0,299.0,,217.0,217.0,217.0
Las Palmas de Gran Canaria,232.0,232.0,232.0,232.0,232.0,232.0,232.0,232.0,222.0,222.0,222.0,222.0,222.0,222.0,222.0,222.0,Europe,222.0,222.0,244.0,244.0,244.0,244.0,205.0,205.0
Las Vegas,490.0,483.0,483.0,483.0,483.0,483.0,483.0,483.0,516.0,516.0,516.0,516.0,516.0,491.0,491.0,491.0,North America,518.0,518.0,487.0,487.0,487.0,520.0,487.0,487.0
Learmonth,,,,,,,,,,,,,,,,,,1543.0,,,,,,,
Leknes,397.0,397.0,397.0,397.0,397.0,397.0,397.0,397.0,397.0,397.0,397.0,397.0,397.0,481.0,481.0,481.0,Europe,392.0,392.0,392.0,392.0,392.0,392.0,392.0,392.0
León,2436.0,2436.0,2436.0,2436.0,2436.0,2436.0,3516.0,3516.0,3509.0,3509.0,3509.0,3509.0,3509.0,3509.0,3509.0,3509.0,North America,3513.0,3513.0,3513.0,3513.0,3513.0,3513.0,3513.0,3513.0
Liberia,1187.0,1187.0,1184.0,1184.0,1184.0,1184.0,1184.0,1184.0,961.0,961.0,961.0,961.0,961.0,990.0,990.0,990.0,North America,990.0,990.0,990.0,990.0,1043.0,1043.0,1043.0,1043.0
Lihue,1367.0,1368.0,1368.0,1368.0,1368.0,1368.0,1368.0,1368.0,1366.0,1366.0,1366.0,1366.0,1366.0,1366.0,1366.0,1366.0,North America,1366.0,1366.0,1366.0,1366.0,1366.0,1366.0,1366.0,1366.0
Lima,768.0,1346.0,1346.0,1346.0,1346.0,1346.0,1346.0,1346.0,1346.0,1346.0,1346.0,1346.0,1346.0,1344.0,1344.0,1344.0,South America,919.0,964.0,964.0,964.0,1345.0,1345.0,779.0,779.0
Lisbon,86.0,145.0,145.0,145.0,145.0,145.0,94.0,94.0,94.0,94.0,94.0,94.0,94.0,105.0,105.0,105.0,Europe,105.0,86.0,86.0,86.0,145.0,109.0,109.0,109.0
Liverpool,,,,,,,,,,,,,,,,,,,288.0,288.0,288.0,288.0,288.0,288.0,288.0
Ljubljana,176.0,176.0,176.0,176.0,176.0,176.0,176.0,176.0,176.0,176.0,176.0,176.0,176.0,176.0,176.0,176.0,Europe,177.0,176.0,176.0,176.0,176.0,176.0,176.0,176.0
Lomé,,,,,,,,,,,,,,,,,,,,773.0,773.0,773.0,773.0,773.0,773.0
London,80.0,80.0,80.0,80.0,80.0,80.0,69.0,69.0,78.0,78.0,78.0,78.0,78.0,75.0,75.0,75.0,Europe,75.0,148.0,76.0,76.0,76.0,97.0,78.0,78.0
Long Beach,1140.0,5412.0,5412.0,5412.0,5412.0,5412.0,1362.0,1362.0,1359.0,1359.0,1359.0,1359.0,1359.0,5406.0,5406.0,5406.0,North America,1360.0,5406.0,1360.0,1360.0,5406.0,5406.0,1360.0,1360.0
Longyearbyen,455.0,455.0,455.0,455.0,455.0,455.0,455.0,455.0,282.0,282.0,282.0,282.0,282.0,282.0,282.0,282.0,Europe,455.0,455.0,455.0,455.0,455.0,455.0,455.0,455.0
Los Angeles,458.0,456.0,458.0,458.0,458.0,458.0,426.0,426.0,397.0,397.0,397.0,397.0,397.0,410.0,410.0,410.0,North America,410.0,441.0,440.0,440.0,462.0,460.0,417.0,417.0
Lubbock,5008.0,5008.0,5008.0,5008.0,5008.0,5008.0,5008.0,5008.0,5000.0,5000.0,5000.0,5000.0,5000.0,5000.0,5000.0,5000.0,North America,5000.0,5005.0,5005.0,5005.0,5005.0,5005.0,5005.0,5005.0
Luleå,,,,,,,,,,,,,,,,,,175.0,,,,,,,
Luqa,97.0,97.0,97.0,97.0,97.0,97.0,178.0,178.0,85.0,85.0,85.0,85.0,85.0,85.0,85.0,85.0,Europe,87.0,87.0,86.0,86.0,180.0,180.0,86.0,86.0
Lusaka,3070.0,3070.0,3070.0,3070.0,3070.0,3070.0,3072.0,3072.0,3066.0,3066.0,3066.0,3066.0,3066.0,3066.0,3066.0,3066.0,Africa,3068.0,3068.0,3068.0,3068.0,3068.0,3068.0,3068.0,3068.0
Luxembourg,661.0,130.0,130.0,130.0,130.0,130.0,130.0,130.0,660.0,660.0,660.0,660.0,660.0,660.0,660.0,660.0,Europe,660.0,660.0,660.0,660.0,660.0,660.0,660.0,660.0
Lyon,462.0,462.0,462.0,462.0,462.0,462.0,462.0,462.0,159.0,159.0,159.0,159.0,159.0,159.0,159.0,159.0,Europe,159.0,147.0,163.0,163.0,163.0,163.0,462.0,462.0
Madison,,,,,,,,,,,,,,,,,,1686.0,1687.0,1687.0,1687.0,1687.0,1687.0,1687.0,1687.0
Madrid,73.0,73.0,396.0,396.0,396.0,396.0,396.0,396.0,396.0,396.0,396.0,396.0,396.0,396.0,396.0,396.0,Europe,396.0,396.0,78.0,78.0,396.0,396.0,396.0,396.0
Malmö,675.0,675.0,675.0,675.0,675.0,675.0,675.0,675.0,674.0,674.0,674.0,674.0,674.0,674.0,674.0,674.0,Europe,674.0,675.0,675.0,675.0,675.0,675.0,675.0,675.0
Malé,851.0,654.0,654.0,654.0,654.0,654.0,653.0,653.0,645.0,645.0,645.0,645.0,645.0,645.0,645.0,645.0,Asia,656.0,656.0,656.0,656.0,656.0,656.0,656.0,656.0
Managua,,,,,,,,,,,,,,,,,,930.0,,,,,,,
Manama,2170.0,2170.0,2170.0,2170.0,2170.0,2170.0,2170.0,2170.0,2213.0,2213.0,2213.0,2213.0,2213.0,2213.0,2213.0,2213.0,Asia,2213.0,528.0,2214.0,2214.0,2214.0,2214.0,2214.0,2214.0
Manaus,1666.0,1666.0,1666.0,1666.0,1666.0,1666.0,1666.0,1666.0,1664.0,1664.0,1664.0,1664.0,1664.0,1664.0,1664.0,1664.0,South America,1664.0,1671.0,1671.0,1671.0,1671.0,1671.0,1671.0,1671.0
Manchester,69.0,69.0,410.0,410.0,410.0,410.0,410.0,410.0,72.0,72.0,72.0,72.0,72.0,72.0,72.0,72.0,Europe,412.0,104.0,412.0,412.0,112.0,112.0,112.0,112.0
Manila,729.0,729.0,729.0,729.0,729.0,729.0,729.0,729.0,520.0,520.0,520.0,520.0,520.0,520.0,520.0,520.0,Asia,520.0,705.0,705.0,705.0,705.0,705.0,705.0,705.0
Maputo,2872.0,2872.0,2872.0,2872.0,2872.0,2872.0,2872.0,2872.0,2867.0,2867.0,2867.0,2867.0,2867.0,2867.0,2867.0,2867.0,Africa,718.0,717.0,717.0,717.0,717.0,717.0,2869.0,2869.0
Mardin,,,,,,,,,,,,,,,,,,306.0,,,,,,,
Marrakesh,257.0,257.0,257.0,257.0,257.0,257.0,257.0,257.0,161.0,161.0,161.0,161.0,161.0,161.0,161.0,161.0,Africa,193.0,165.0,165.0,165.0,165.0,165.0,162.0,162.0
Marsa Alam,,,,,,,,,,,,,,,,,,,,570.0,570.0,570.0,570.0,570.0,570.0
Marseille,147.0,147.0,147.0,147.0,147.0,147.0,147.0,147.0,494.0,494.0,494.0,494.0,494.0,494.0,494.0,494.0,Europe,494.0,146.0,145.0,145.0,145.0,145.0,494.0,494.0
Medan,,,,,,,,,,,,,,,,,,,,,,,,2860.0,2860.0
Medellín,,,,,,,,,,,,,,,,,,,,1136.0,1136.0,1136.0,743.0,743.0,743.0
Melbourne,698.0,698.0,697.0,697.0,697.0,697.0,697.0,697.0,697.0,697.0,697.0,697.0,697.0,1111.0,1111.0,1111.0,Oceania,700.0,1112.0,987.0,987.0,1112.0,1112.0,987.0,987.0
Memphis,2828.0,2502.0,2502.0,2502.0,2502.0,2502.0,2502.0,2502.0,2502.0,2502.0,2502.0,2502.0,2502.0,2864.0,2864.0,2864.0,North America,2864.0,2499.0,907.0,907.0,2867.0,2867.0,2834.0,2834.0
Mexico City,704.0,704.0,2989.0,2989.0,2989.0,2989.0,1080.0,1080.0,2613.0,2613.0,2613.0,2613.0,2613.0,1286.0,1286.0,1286.0,North America,1293.0,2985.0,752.0,752.0,752.0,1293.0,1293.0,1293.0
Miami,382.0,637.0,409.0,409.0,409.0,409.0,409.0,409.0,378.0,378.0,378.0,378.0,378.0,398.0,398.0,398.0,North America,398.0,411.0,393.0,393.0,411.0,379.0,379.0,379.0
Midland,2935.0,2935.0,2935.0,2935.0,2935.0,2935.0,2935.0,2935.0,4752.0,4752.0,4752.0,4752.0,4752.0,4752.0,4752.0,4752.0,North America,4752.0,2931.0,2931.0,2931.0,2931.0,2931.0,2931.0,2931.0
Milan,84.0,465.0,79.0,79.0,79.0,79.0,79.0,79.0,84.0,84.0,84.0,84.0,84.0,464.0,464.0,464.0,Europe,85.0,190.0,69.0,69.0,464.0,190.0,85.0,85.0
Milltown (Kerry),,,,,,,,,,,,,,,,,,343.0,,,,,,,
Milwaukee,1157.0,1157.0,1157.0,1157.0,1157.0,1157.0,1157.0,1157.0,1118.0,1118.0,1118.0,1118.0,1118.0,1118.0,1118.0,1118.0,North America,1122.0,1122.0,1122.0,1122.0,1122.0,1156.0,1156.0,1156.0
Minneapolis,486.0,532.0,532.0,532.0,532.0,532.0,532.0,532.0,532.0,532.0,532.0,532.0,532.0,532.0,532.0,532.0,North America,532.0,530.0,530.0,530.0,644.0,644.0,644.0,644.0
Minot,1339.0,1339.0,1339.0,1339.0,1339.0,1339.0,1339.0,1339.0,1157.0,1157.0,1157.0,1157.0,1157.0,1157.0,1157.0,1157.0,North America,1162.0,1162.0,1162.0,1162.0,1162.0,1210.0,1210.0,1210.0
Missoula,1168.0,1605.0,1140.0,1140.0,1140.0,1140.0,1140.0,1140.0,1170.0,1170.0,1170.0,1170.0,1170.0,1589.0,1589.0,1589.0,North America,1139.0,1589.0,1164.0,1164.0,1589.0,1172.0,1172.0,1172.0
Mobile,2575.0,2575.0,3099.0,3099.0,3099.0,3099.0,3099.0,3099.0,3102.0,3102.0,3102.0,3102.0,3102.0,3102.0,3102.0,3102.0,North America,2887.0,2887.0,2887.0,2887.0,2887.0,2887.0,2887.0,2887.0
Mombasa,815.0,815.0,815.0,815.0,815.0,815.0,815.0,815.0,400.0,400.0,400.0,400.0,400.0,400.0,400.0,400.0,Africa,400.0,,,,,,,
Montego Bay,,,,,,,,,,,,,,,,,,,985.0,985.0,985.0,985.0,985.0,985.0,985.0
Monterey,1202.0,1202.0,2914.0,2914.0,2914.0,2914.0,1167.0,1167.0,1105.0,1105.0,1105.0,1105.0,1105.0,1105.0,1105.0,1105.0,North America,1105.0,1105.0,1105.0,1105.0,1105.0,1105.0,1105.0,1105.0
Montevideo,5966.0,1436.0,1436.0,1436.0,1436.0,1436.0,1436.0,1436.0,5956.0,5956.0,5956.0,5956.0,5956.0,5956.0,5956.0,5956.0,South America,5956.0,5962.0,5962.0,5962.0,5962.0,5962.0,5962.0,5962.0
Montpellier,,,,,,,,,,,,,,,,,,,407.0,407.0,407.0,407.0,407.0,407.0,407.0
Montreal,1015.0,901.0,901.0,901.0,901.0,901.0,901.0,901.0,1014.0,1014.0,1014.0,1014.0,1014.0,766.0,766.0,766.0,North America,766.0,467.0,467.0,467.0,788.0,788.0,788.0,788.0
Moscow,148.0,148.0,148.0,148.0,148.0,148.0,137.0,137.0,137.0,137.0,137.0,137.0,137.0,137.0,137.0,137.0,Europe,173.0,145.0,145.0,145.0,156.0,156.0,154.0,154.0
Mumbai,2008.0,5210.0,5210.0,5210.0,5210.0,5210.0,5210.0,5210.0,2006.0,2006.0,2006.0,2006.0,2006.0,5202.0,5202.0,5202.0,Asia,5202.0,5207.0,2008.0,2008.0,5206.0,5206.0,5206.0,5206.0
Munich,84.0,84.0,84.0,84.0,84.0,84.0,84.0,84.0,84.0,84.0,84.0,84.0,84.0,84.0,84.0,84.0,Europe,84.0,85.0,85.0,85.0,85.0,85.0,85.0,85.0
Muscat,2142.0,2142.0,2143.0,2143.0,2143.0,2143.0,2143.0,2143.0,2139.0,2139.0,2139.0,2139.0,2139.0,2141.0,2141.0,2141.0,Asia,2141.0,1918.0,1918.0,1918.0,2141.0,554.0,554.0,554.0
Muş,470.0,469.0,469.0,469.0,469.0,469.0,469.0,469.0,469.0,469.0,469.0,469.0,469.0,471.0,471.0,471.0,Europe,471.0,471.0,471.0,471.0,471.0,471.0,471.0,471.0
Mykonos,369.0,369.0,369.0,369.0,369.0,369.0,619.0,619.0,380.0,380.0,380.0,380.0,380.0,298.0,298.0,298.0,Europe,619.0,380.0,372.0,372.0,372.0,372.0,380.0,380.0
Málaga,163.0,381.0,381.0,381.0,381.0,381.0,381.0,381.0,381.0,381.0,381.0,381.0,381.0,381.0,381.0,381.0,Europe,162.0,381.0,162.0,162.0,163.0,163.0,163.0,163.0
Nagoya,2349.0,2349.0,2349.0,2349.0,2349.0,2349.0,2349.0,2349.0,517.0,517.0,517.0,517.0,517.0,517.0,517.0,517.0,Asia,2347.0,2347.0,2363.0,2363.0,2363.0,2363.0,2354.0,2354.0
Nagpur,2769.0,2772.0,2772.0,2772.0,2772.0,2772.0,2772.0,2772.0,2768.0,2768.0,2768.0,2768.0,2768.0,2768.0,2768.0,2768.0,Asia,2768.0,2769.0,2769.0,2769.0,2769.0,2769.0,2769.0,2769.0
Nairobi,2234.0,2236.0,2236.0,2236.0,2236.0,2236.0,2236.0,2236.0,2236.0,2236.0,2236.0,2236.0,2236.0,2237.0,2237.0,2237.0,Africa,2237.0,698.0,698.0,698.0,1748.0,1748.0,1748.0,1748.0
Nanaimo,,,,,,,,,,,,,,,,,,,,1270.0,1270.0,1270.0,1270.0,1270.0,1270.0
Nantes,,,,,,,,,,,,,,,,,,158.0,158.0,158.0,158.0,,,,
Nantucket,2664.0,2664.0,2665.0,2665.0,2665.0,2665.0,2665.0,2665.0,2660.0,2660.0,2660.0,2660.0,2660.0,2660.0,2660.0,2660.0,North America,2662.0,2662.0,2662.0,2662.0,2662.0,2662.0,2662.0,2662.0
Naples,125.0,125.0,125.0,125.0,125.0,125.0,125.0,125.0,125.0,125.0,125.0,125.0,125.0,187.0,187.0,187.0,Europe,187.0,134.0,134.0,134.0,134.0,134.0,521.0,521.0
Nashville,,,,,,,,,,,,,,,,,,2826.0,2833.0,2833.0,2833.0,2833.0,2833.0,2833.0,2833.0
Nassau,,,,,,,,,,,,,,,,,,,,2462.0,2462.0,2462.0,2462.0,2462.0,2462.0
Naxos,,,,,,,,,,,,,,,,,,,392.0,392.0,392.0,392.0,392.0,392.0,392.0
New Delhi,1508.0,1916.0,1916.0,1916.0,1916.0,1916.0,512.0,512.0,1505.0,1505.0,1505.0,1505.0,1505.0,1919.0,1919.0,1919.0,Asia,1507.0,480.0,480.0,480.0,1920.0,1920.0,1507.0,1507.0
New Haven,,,,,,,,,,,,,,,,,,842.0,842.0,980.0,980.0,980.0,980.0,980.0,980.0
New Orleans,1273.0,1273.0,1674.0,1674.0,1674.0,1674.0,1674.0,1674.0,551.0,551.0,551.0,551.0,551.0,2434.0,2434.0,2434.0,North America,1672.0,2436.0,1672.0,1672.0,2436.0,1672.0,1672.0,1672.0
New York,304.0,312.0,311.0,311.0,311.0,311.0,311.0,311.0,304.0,304.0,304.0,304.0,304.0,311.0,311.0,311.0,North America,311.0,315.0,309.0,309.0,315.0,315.0,311.0,311.0
Newark,317.0,596.0,331.0,331.0,331.0,331.0,331.0,331.0,293.0,293.0,293.0,293.0,293.0,309.0,309.0,309.0,North America,296.0,375.0,309.0,309.0,331.0,331.0,331.0,331.0
Newport News,1882.0,1879.0,1879.0,1879.0,1879.0,1879.0,1879.0,1879.0,1880.0,1880.0,1880.0,1880.0,1880.0,1888.0,1888.0,1888.0,North America,1888.0,1888.0,1888.0,1888.0,1888.0,1888.0,705.0,705.0
Nice,143.0,143.0,143.0,143.0,143.0,143.0,143.0,143.0,146.0,146.0,146.0,146.0,146.0,146.0,146.0,146.0,Europe,531.0,148.0,149.0,149.0,149.0,149.0,531.0,531.0
Norfolk,1875.0,1875.0,1875.0,1875.0,1875.0,1875.0,4976.0,4976.0,1873.0,1873.0,1873.0,1873.0,1873.0,1873.0,1873.0,1873.0,North America,4972.0,1881.0,1881.0,1881.0,1881.0,1881.0,1826.0,1826.0
Norwich,209.0,209.0,209.0,209.0,209.0,209.0,209.0,209.0,209.0,209.0,209.0,209.0,209.0,209.0,209.0,209.0,Europe,209.0,210.0,210.0,210.0,210.0,210.0,210.0,210.0
Nottingham,,,,,,,,,,,,,,,,,,343.0,343.0,343.0,343.0,,,,
Novosibirsk,,,,,,,,,,,,,,,,,,,,384.0,384.0,384.0,384.0,384.0,384.0
Nur-Sultan,,,,,,,,,,,,,,,,,,468.0,468.0,545.0,545.0,545.0,545.0,545.0,545.0
Nuuk,,,,,,,,,,,,,,,,,,1367.0,,,,,,,
Oakland,1249.0,1249.0,1249.0,1249.0,1249.0,1249.0,1162.0,1162.0,960.0,960.0,960.0,960.0,960.0,960.0,960.0,960.0,North America,964.0,964.0,964.0,964.0,964.0,964.0,1160.0,1160.0
Odessa,184.0,184.0,184.0,184.0,184.0,184.0,184.0,184.0,355.0,355.0,355.0,355.0,355.0,355.0,355.0,355.0,Europe,355.0,210.0,211.0,211.0,211.0,211.0,211.0,211.0
Ogdensburg,3534.0,3534.0,3534.0,3534.0,3534.0,3534.0,3534.0,3534.0,4313.0,4313.0,4313.0,4313.0,4313.0,4313.0,4313.0,4313.0,North America,4313.0,2864.0,2864.0,2864.0,2864.0,2864.0,2864.0,2864.0
Okinawa,924.0,924.0,924.0,924.0,924.0,924.0,642.0,642.0,642.0,642.0,642.0,642.0,642.0,642.0,642.0,642.0,Asia,642.0,,,,,,,
Oklahoma City,1611.0,1611.0,1611.0,1611.0,1611.0,1611.0,1611.0,1611.0,1609.0,1609.0,1609.0,1609.0,1609.0,1609.0,1609.0,1609.0,North America,1609.0,1610.0,1610.0,1610.0,1610.0,1610.0,1610.0,1610.0
Olbia,237.0,237.0,237.0,237.0,237.0,237.0,237.0,237.0,231.0,231.0,231.0,231.0,231.0,232.0,232.0,232.0,Europe,227.0,227.0,232.0,232.0,274.0,229.0,229.0,229.0
Omaha,1073.0,1073.0,1073.0,1073.0,1073.0,1073.0,1073.0,1073.0,1038.0,1038.0,1038.0,1038.0,1038.0,1038.0,1038.0,1038.0,North America,1038.0,1039.0,1039.0,1039.0,1039.0,1039.0,1072.0,1072.0
Ontario,486.0,486.0,486.0,486.0,486.0,486.0,799.0,799.0,2051.0,2051.0,2051.0,2051.0,2051.0,2051.0,2051.0,2051.0,North America,1837.0,930.0,2053.0,2053.0,2053.0,5305.0,2053.0,2053.0
Oranjestad,786.0,2501.0,2501.0,2501.0,2501.0,2501.0,2501.0,2501.0,664.0,664.0,664.0,664.0,664.0,2506.0,2506.0,2506.0,North America,2506.0,2507.0,780.0,780.0,2507.0,2507.0,789.0,789.0
Ordu,,,,,,,,,,,,,,,,,,,397.0,397.0,397.0,397.0,397.0,397.0,397.0
Orlando,476.0,476.0,560.0,560.0,560.0,560.0,560.0,560.0,432.0,432.0,432.0,432.0,432.0,432.0,432.0,432.0,North America,559.0,444.0,444.0,444.0,763.0,438.0,438.0,438.0
Osaka,768.0,2546.0,2546.0,2546.0,2546.0,2546.0,2546.0,2546.0,952.0,952.0,952.0,952.0,952.0,2543.0,2543.0,2543.0,Asia,2543.0,2543.0,2081.0,2081.0,2733.0,2733.0,2081.0,2081.0
Osh,,,,,,,,,,,,,,,,,,508.0,508.0,508.0,508.0,508.0,508.0,508.0,508.0
Oslo,128.0,128.0,128.0,128.0,128.0,128.0,128.0,128.0,128.0,128.0,128.0,128.0,128.0,128.0,128.0,128.0,Europe,128.0,128.0,128.0,128.0,128.0,128.0,117.0,117.0
Ottawa,1686.0,1686.0,1686.0,1686.0,1686.0,1686.0,2166.0,2166.0,1684.0,1684.0,1684.0,1684.0,1684.0,1684.0,1684.0,1684.0,North America,931.0,931.0,1685.0,1685.0,530.0,530.0,1685.0,1685.0
Palangkaraya,,,,,,,,,,,,,,,,,,,,,,957.0,957.0,957.0,957.0
Palermo,,,,,,,,,,,,,,,,,,,,162.0,162.0,162.0,162.0,195.0,195.0
Palm Springs,2891.0,2891.0,2891.0,2891.0,2891.0,2891.0,2885.0,2885.0,4537.0,4537.0,4537.0,4537.0,4537.0,4537.0,4537.0,4537.0,North America,2906.0,2906.0,2906.0,2906.0,2906.0,5192.0,2906.0,2906.0
Palma de Mallorca,65.0,93.0,93.0,93.0,93.0,93.0,80.0,80.0,81.0,81.0,81.0,81.0,81.0,98.0,98.0,98.0,Europe,98.0,68.0,68.0,68.0,98.0,98.0,85.0,85.0
Panama City,2039.0,2039.0,2167.0,2167.0,2167.0,2167.0,2167.0,2167.0,2037.0,2037.0,2037.0,2037.0,2037.0,2037.0,2037.0,2037.0,North America,2142.0,2046.0,2046.0,2046.0,584.0,584.0,584.0,584.0
Papeete,,,,,,,,,,,,,,,,,,1965.0,4980.0,2108.0,2108.0,4980.0,4980.0,4980.0,4980.0
Paphos,480.0,480.0,480.0,480.0,480.0,480.0,480.0,480.0,254.0,254.0,254.0,254.0,254.0,254.0,254.0,254.0,Europe,254.0,,470.0,470.0,470.0,483.0,483.0,483.0
Paris,130.0,213.0,146.0,146.0,146.0,146.0,115.0,115.0,109.0,109.0,109.0,109.0,109.0,109.0,109.0,109.0,Europe,109.0,118.0,118.0,118.0,116.0,116.0,116.0,116.0
Pasco,2922.0,2922.0,2923.0,2923.0,2923.0,2923.0,2923.0,2923.0,3165.0,3165.0,3165.0,3165.0,3165.0,3165.0,3165.0,3165.0,North America,2921.0,2921.0,2913.0,2913.0,2947.0,1305.0,1305.0,1305.0
Pensacola,2429.0,2429.0,2438.0,2438.0,2438.0,2438.0,2438.0,2438.0,2844.0,2844.0,2844.0,2844.0,2844.0,2844.0,2844.0,2844.0,North America,2435.0,2435.0,2426.0,2426.0,2426.0,2435.0,2435.0,2435.0
Penticton,1953.0,1953.0,1954.0,1954.0,1954.0,1954.0,1954.0,1954.0,1950.0,1950.0,1950.0,1950.0,1950.0,1951.0,1951.0,1951.0,North America,1951.0,1951.0,1951.0,1951.0,1951.0,1951.0,1951.0,1951.0
Perth,1018.0,1018.0,1018.0,1018.0,1018.0,1018.0,3551.0,3551.0,1020.0,1020.0,1020.0,1020.0,1020.0,1020.0,1020.0,1020.0,Oceania,3598.0,3598.0,703.0,703.0,703.0,703.0,572.0,572.0
Petropavlovsk-Kamchats,,,,,,,,,,,,,,,,,,,,,,,,949.0,949.0
Philadelphia,698.0,698.0,698.0,698.0,698.0,698.0,840.0,840.0,838.0,838.0,838.0,838.0,838.0,509.0,509.0,509.0,North America,509.0,509.0,477.0,477.0,477.0,477.0,838.0,838.0
Phnom Penh,,,,,,,,,,,,,,,,,,756.0,,,,,,,
Phoenix,536.0,536.0,536.0,536.0,536.0,536.0,536.0,536.0,605.0,605.0,605.0,605.0,605.0,530.0,530.0,530.0,North America,530.0,606.0,606.0,606.0,606.0,647.0,606.0,606.0
Phuket City,1930.0,1930.0,1930.0,1930.0,1930.0,1930.0,1930.0,1930.0,578.0,578.0,578.0,578.0,578.0,614.0,614.0,614.0,Asia,614.0,1930.0,614.0,614.0,1930.0,460.0,460.0,460.0
Pico Island,,,,,,,,,,,,,,,,,,,,594.0,594.0,594.0,594.0,594.0,594.0
Pisa,209.0,209.0,209.0,209.0,209.0,209.0,209.0,209.0,172.0,172.0,172.0,172.0,172.0,172.0,172.0,172.0,Europe,206.0,206.0,209.0,209.0,209.0,227.0,209.0,209.0
Podgorica,802.0,219.0,219.0,219.0,219.0,219.0,219.0,219.0,191.0,191.0,191.0,191.0,191.0,191.0,191.0,191.0,Europe,191.0,255.0,253.0,253.0,201.0,201.0,201.0,201.0
Pointe La Rue,673.0,2343.0,2343.0,2343.0,2343.0,2343.0,2343.0,2343.0,2343.0,2343.0,2343.0,2343.0,2343.0,2480.0,2480.0,2480.0,Africa,2480.0,2346.0,651.0,651.0,2480.0,2480.0,2480.0,2480.0
Ponta Delgada (Açores),235.0,189.0,189.0,189.0,189.0,189.0,189.0,189.0,162.0,162.0,162.0,162.0,162.0,755.0,755.0,755.0,Europe,281.0,756.0,179.0,179.0,208.0,208.0,208.0,208.0
Port Elizabeth,,,,,,,,,,,,,,,,,,1112.0,1112.0,1112.0,1112.0,,,,
Port Louis,723.0,723.0,732.0,732.0,732.0,732.0,732.0,732.0,2566.0,2566.0,2566.0,2566.0,2566.0,722.0,722.0,722.0,Africa,1032.0,1021.0,720.0,720.0,720.0,2567.0,709.0,709.0
Portland,692.0,692.0,585.0,585.0,585.0,585.0,585.0,585.0,576.0,576.0,576.0,576.0,576.0,576.0,576.0,576.0,North America,576.0,576.0,576.0,576.0,445.0,445.0,445.0,445.0
Porto,124.0,124.0,124.0,124.0,124.0,124.0,124.0,124.0,123.0,123.0,123.0,123.0,123.0,123.0,123.0,123.0,Europe,123.0,124.0,103.0,103.0,124.0,124.0,115.0,115.0
Porto Alegre,990.0,2281.0,938.0,938.0,938.0,938.0,938.0,938.0,1051.0,1051.0,1051.0,1051.0,1051.0,2278.0,2278.0,2278.0,South America,1004.0,1020.0,1020.0,1020.0,2279.0,937.0,937.0,937.0
Prague,,,,,,,,,,,,,,,,,,142.0,142.0,143.0,143.0,143.0,143.0,429.0,429.0
Praia,,,,,,,,,,,,,,,,,,718.0,,,,,,,
Providence,1955.0,1955.0,2835.0,2835.0,2835.0,2835.0,2835.0,2835.0,1952.0,1952.0,1952.0,1952.0,1952.0,1952.0,1952.0,1952.0,North America,2833.0,1953.0,1953.0,1953.0,813.0,813.0,813.0,813.0
Préveza,532.0,532.0,383.0,383.0,383.0,383.0,383.0,383.0,383.0,383.0,383.0,383.0,383.0,383.0,383.0,383.0,Europe,383.0,,,,,333.0,333.0,333.0
Puerto Plata,1419.0,1419.0,1419.0,1419.0,1419.0,1419.0,2492.0,2492.0,1383.0,1383.0,1383.0,1383.0,1383.0,1383.0,1383.0,1383.0,North America,2489.0,1385.0,1385.0,1385.0,1385.0,2489.0,1336.0,1336.0
Puerto Princesa,,,,,,,,,,,,,,,,,,,,,,,,1095.0,1095.0
Puerto del Rosario,306.0,306.0,306.0,306.0,306.0,306.0,282.0,282.0,293.0,293.0,293.0,293.0,293.0,293.0,293.0,293.0,Europe,229.0,387.0,318.0,318.0,506.0,506.0,506.0,506.0
Pula,194.0,201.0,201.0,201.0,201.0,201.0,193.0,193.0,205.0,205.0,205.0,205.0,205.0,205.0,205.0,205.0,Europe,194.0,194.0,194.0,194.0,259.0,259.0,206.0,206.0
Pune,2596.0,2596.0,2596.0,2596.0,2596.0,2596.0,2598.0,2598.0,2593.0,2593.0,2593.0,2593.0,2593.0,2593.0,2593.0,2593.0,Asia,2595.0,2595.0,2595.0,2595.0,2595.0,2595.0,2595.0,2595.0
Punta Cana,633.0,633.0,2230.0,2230.0,2230.0,2230.0,2230.0,2230.0,2226.0,2226.0,2226.0,2226.0,2226.0,2226.0,2226.0,2226.0,North America,2227.0,2420.0,2227.0,2227.0,2227.0,2227.0,2227.0,2227.0
Queenstown,,,,,,,,,,,,,,,,,,4664.0,4664.0,4475.0,,4475.0,4806.0,,
Quimper,,,,,,,,,,,,,,,,,,,,993.0,993.0,993.0,993.0,993.0,993.0
Quito,,,,,,,,,,,,,,,,,,989.0,,948.0,948.0,948.0,948.0,948.0,948.0
Québec City,1034.0,1034.0,1034.0,1034.0,1034.0,1034.0,1034.0,1034.0,1032.0,1032.0,1032.0,1032.0,1032.0,1032.0,1032.0,1032.0,North America,1035.0,1035.0,1033.0,1033.0,1033.0,1033.0,1033.0,1033.0
Rabat,914.0,912.0,912.0,912.0,912.0,912.0,912.0,912.0,913.0,913.0,913.0,913.0,913.0,917.0,917.0,917.0,Africa,917.0,917.0,499.0,499.0,917.0,917.0,917.0,917.0
Raleigh,1143.0,1143.0,1017.0,1017.0,1017.0,1017.0,1017.0,1017.0,1014.0,1014.0,1014.0,1014.0,1014.0,1012.0,1012.0,1012.0,North America,1012.0,1016.0,1016.0,1016.0,1016.0,1016.0,1016.0,1016.0
Rayong,3142.0,3142.0,3142.0,3142.0,3142.0,3142.0,3143.0,3143.0,3138.0,3138.0,3138.0,3138.0,3138.0,3138.0,3138.0,3138.0,Asia,3140.0,3140.0,3140.0,3140.0,3140.0,3140.0,3140.0,3140.0
Recife,628.0,666.0,666.0,666.0,666.0,666.0,666.0,666.0,628.0,628.0,628.0,628.0,628.0,628.0,628.0,628.0,South America,628.0,628.0,628.0,628.0,628.0,628.0,628.0,628.0
Reno,1099.0,1161.0,1161.0,1161.0,1161.0,1161.0,1161.0,1161.0,1098.0,1098.0,1098.0,1098.0,1098.0,1098.0,1098.0,1098.0,North America,1098.0,1098.0,1098.0,1098.0,1098.0,1098.0,1098.0,1098.0
Reus,,,,,,,,,,,,,,,,,,477.0,477.0,477.0,477.0,,,,
Reykjavik,249.0,269.0,269.0,269.0,269.0,269.0,269.0,269.0,249.0,249.0,249.0,249.0,249.0,232.0,232.0,232.0,Europe,232.0,329.0,232.0,232.0,299.0,296.0,296.0,296.0
Rhodes,220.0,1513.0,1513.0,1513.0,1513.0,1513.0,1513.0,1513.0,275.0,275.0,275.0,275.0,275.0,232.0,232.0,232.0,Europe,223.0,293.0,274.0,274.0,274.0,313.0,313.0,313.0
Richmond,2857.0,2857.0,2857.0,2857.0,2857.0,2857.0,2857.0,2857.0,3102.0,3102.0,3102.0,3102.0,3102.0,3102.0,3102.0,3102.0,North America,3102.0,2855.0,2868.0,2868.0,2868.0,2868.0,2868.0,2868.0
Riga,94.0,66.0,66.0,66.0,66.0,66.0,66.0,66.0,63.0,63.0,63.0,63.0,63.0,63.0,63.0,63.0,Europe,63.0,63.0,70.0,70.0,70.0,70.0,70.0,70.0
Rijeka,175.0,175.0,175.0,175.0,175.0,175.0,175.0,175.0,175.0,175.0,175.0,175.0,175.0,187.0,187.0,187.0,Europe,187.0,187.0,187.0,187.0,187.0,187.0,187.0,187.0
Rio de Janeiro,593.0,897.0,838.0,838.0,838.0,838.0,742.0,742.0,584.0,584.0,584.0,584.0,584.0,838.0,838.0,838.0,South America,673.0,838.0,732.0,732.0,838.0,838.0,838.0,838.0
Riyadh,994.0,994.0,994.0,994.0,994.0,994.0,994.0,994.0,992.0,992.0,992.0,992.0,992.0,992.0,992.0,992.0,Asia,992.0,992.0,992.0,992.0,992.0,992.0,992.0,992.0
Roanoke,2562.0,2562.0,2562.0,2562.0,2562.0,2562.0,2871.0,2871.0,3119.0,3119.0,3119.0,3119.0,3119.0,3119.0,3119.0,3119.0,North America,2868.0,2868.0,2868.0,2868.0,2868.0,2868.0,2876.0,2876.0
Rome,80.0,80.0,94.0,94.0,94.0,94.0,94.0,94.0,106.0,106.0,106.0,106.0,106.0,106.0,106.0,106.0,Europe,81.0,81.0,92.0,92.0,86.0,86.0,86.0,86.0
Rotterdam,548.0,548.0,548.0,548.0,548.0,548.0,548.0,548.0,548.0,548.0,548.0,548.0,548.0,548.0,548.0,548.0,Europe,550.0,550.0,550.0,550.0,550.0,550.0,550.0,550.0
Rovaniemi,,,,,,,,,,,,,,,,,,254.0,278.0,278.0,278.0,278.0,278.0,278.0,278.0
Sacramento,1585.0,2912.0,2912.0,2912.0,2912.0,2912.0,2912.0,2912.0,1583.0,1583.0,1583.0,1583.0,1583.0,2908.0,2908.0,2908.0,North America,2908.0,2911.0,1584.0,1584.0,2911.0,2911.0,1584.0,1584.0
Saint Peter,,,,,,,,,,,,,,,,,,239.0,,,,,,,
Saint Peter Port,,,,,,,,,,,,,,,,,,673.0,,,,,,,
Saint Petersburg,190.0,192.0,192.0,192.0,192.0,192.0,192.0,192.0,193.0,193.0,193.0,193.0,193.0,204.0,204.0,204.0,Europe,204.0,203.0,182.0,182.0,204.0,204.0,166.0,166.0
Saint-Denis,,,,,,,,,,,,,,,,,,,,,,,798.0,798.0,798.0
Salt Lake City,1045.0,979.0,979.0,979.0,979.0,979.0,979.0,979.0,752.0,752.0,752.0,752.0,752.0,746.0,746.0,746.0,North America,737.0,746.0,727.0,727.0,734.0,734.0,734.0,734.0
Salzburg,193.0,184.0,184.0,184.0,184.0,184.0,135.0,135.0,251.0,251.0,251.0,251.0,251.0,184.0,184.0,184.0,Europe,185.0,185.0,194.0,194.0,185.0,185.0,141.0,141.0
Samara,,,,,,,,,,,,,,,,,,,,462.0,462.0,462.0,462.0,462.0,462.0
Samarkand,,,,,,,,,,,,,,,,,,555.0,555.0,589.0,589.0,589.0,589.0,589.0,589.0
Samos,,,,,,,,,,,,,,,,,,,,377.0,377.0,377.0,377.0,377.0,377.0
Samsun,,,,,,,,,,,,,,,,,,,464.0,464.0,464.0,464.0,464.0,464.0,464.0
San Diego,893.0,975.0,883.0,883.0,883.0,883.0,883.0,883.0,881.0,881.0,881.0,881.0,881.0,728.0,728.0,728.0,North America,728.0,881.0,881.0,881.0,881.0,881.0,881.0,881.0
San Francisco,359.0,359.0,359.0,359.0,359.0,359.0,474.0,474.0,360.0,360.0,360.0,360.0,360.0,533.0,533.0,533.0,North America,372.0,366.0,366.0,366.0,353.0,353.0,353.0,353.0
San José,923.0,518.0,632.0,632.0,632.0,632.0,632.0,632.0,1511.0,1511.0,1511.0,1511.0,1511.0,1511.0,1511.0,1511.0,North America,1496.0,1237.0,769.0,769.0,769.0,831.0,831.0,831.0
San José del Cabo,1280.0,1280.0,1280.0,1280.0,1280.0,1280.0,1665.0,1665.0,1245.0,1245.0,1245.0,1245.0,1245.0,1245.0,1245.0,1245.0,North America,1664.0,1254.0,1254.0,1254.0,1254.0,1254.0,1223.0,1223.0
San Juan,,,,,,,,,,,,,,,,,,928.0,3964.0,928.0,928.0,3964.0,844.0,844.0,844.0
San Luis Obispo,2913.0,2913.0,2913.0,2913.0,2913.0,2913.0,2914.0,2914.0,4560.0,4560.0,4560.0,4560.0,4560.0,4560.0,4560.0,4560.0,North America,2912.0,2912.0,2912.0,2912.0,2912.0,2912.0,2912.0,2912.0
San Sebastián de la Gomera,,,,,,,,,,,,,,,,,,,956.0,478.0,478.0,478.0,478.0,478.0,478.0
Sant Climent,146.0,146.0,146.0,146.0,146.0,146.0,146.0,146.0,280.0,280.0,280.0,280.0,280.0,280.0,280.0,280.0,Europe,280.0,,,,147.0,147.0,147.0,147.0
Santa Ana,1172.0,1172.0,1694.0,1694.0,1694.0,1694.0,1694.0,1694.0,2090.0,2090.0,2090.0,2090.0,2090.0,1692.0,1692.0,1692.0,North America,1692.0,1692.0,2099.0,2099.0,1692.0,1692.0,1692.0,1692.0
Santa Barbara,1201.0,1115.0,1115.0,1115.0,1115.0,1115.0,1115.0,1115.0,1112.0,1112.0,1112.0,1112.0,1112.0,1114.0,1114.0,1114.0,North America,1114.0,1114.0,1114.0,1114.0,1114.0,1114.0,1114.0,1114.0
Santa Clara,,,,,,,,,,,,,,,,,,722.0,,,,,,,
Santa Cruz de Tenerife,247.0,247.0,247.0,247.0,247.0,247.0,289.0,289.0,163.0,163.0,163.0,163.0,163.0,156.0,156.0,156.0,Europe,156.0,421.0,276.0,276.0,276.0,244.0,244.0,244.0
Santa Cruz de la Palma,,,,,,,,,,,,,,,,,,2540.0,2540.0,406.0,406.0,406.0,406.0,406.0,406.0
Santa Cruz de la Sierra,2912.0,2914.0,2914.0,2914.0,2914.0,2914.0,2914.0,2914.0,2915.0,2915.0,2915.0,2915.0,2915.0,2910.0,2910.0,2910.0,South America,2910.0,2912.0,2912.0,2912.0,2912.0,2912.0,2912.0,2912.0
Santa Rosa,1180.0,1180.0,1180.0,1180.0,1180.0,1180.0,1598.0,1598.0,1179.0,1179.0,1179.0,1179.0,1179.0,1179.0,1179.0,1179.0,North America,1596.0,1180.0,1180.0,1180.0,1180.0,1180.0,1180.0,1180.0
Santander,,,,,,,,,,,,,,,,,,,,360.0,360.0,360.0,360.0,360.0,360.0
Santiago,959.0,981.0,981.0,981.0,981.0,981.0,981.0,981.0,981.0,981.0,981.0,981.0,981.0,1021.0,1021.0,1021.0,South America,1021.0,1021.0,1003.0,1003.0,1021.0,1021.0,1021.0,1021.0
Santiago de Compostela,,,,,,,,,,,,,,,,,,447.0,194.0,194.0,194.0,194.0,194.0,224.0,224.0
Santiago de Querétaro,1229.0,1229.0,1659.0,1659.0,1659.0,1659.0,1659.0,1659.0,1227.0,1227.0,1227.0,1227.0,1227.0,1227.0,1227.0,1227.0,North America,1658.0,1229.0,1229.0,1229.0,1229.0,1658.0,1229.0,1229.0
Santo Domingo,3185.0,1825.0,1825.0,1825.0,1825.0,1825.0,1825.0,1825.0,690.0,690.0,690.0,690.0,690.0,690.0,690.0,690.0,North America,690.0,690.0,690.0,690.0,,,3185.0,3185.0
Sao Paulo,2024.0,2024.0,2024.0,2024.0,2024.0,2024.0,2019.0,2019.0,2022.0,2022.0,2022.0,2022.0,2022.0,2022.0,2022.0,2022.0,South America,2030.0,2030.0,2030.0,2030.0,2030.0,657.0,657.0,657.0
Sapporo,2741.0,2741.0,2741.0,2741.0,2741.0,2741.0,2741.0,2741.0,2736.0,2736.0,2736.0,2736.0,2736.0,2736.0,2736.0,2736.0,Asia,2739.0,2739.0,2739.0,2739.0,2739.0,2739.0,2739.0,2739.0
Sarajevo,,,,,,,,,,,,,,,,,,224.0,224.0,224.0,224.0,,,,
Sarasota,1168.0,1168.0,928.0,928.0,928.0,928.0,928.0,928.0,909.0,909.0,909.0,909.0,909.0,909.0,909.0,909.0,North America,909.0,909.0,909.0,909.0,909.0,909.0,909.0,909.0
Sarnia,1138.0,1138.0,1138.0,1138.0,1138.0,1138.0,1138.0,1138.0,1138.0,1138.0,1138.0,1138.0,1138.0,1138.0,1138.0,1138.0,North America,1138.0,,,,,,,
Seattle,771.0,771.0,432.0,432.0,432.0,432.0,432.0,432.0,445.0,445.0,445.0,445.0,445.0,608.0,608.0,608.0,North America,447.0,615.0,437.0,437.0,437.0,770.0,460.0,460.0
Seoul,1922.0,583.0,1919.0,1919.0,1919.0,1919.0,1919.0,1919.0,606.0,606.0,606.0,606.0,606.0,784.0,784.0,784.0,Asia,784.0,854.0,683.0,683.0,622.0,622.0,622.0,622.0
Sevilla,247.0,247.0,247.0,247.0,247.0,247.0,247.0,247.0,500.0,500.0,500.0,500.0,500.0,500.0,500.0,500.0,Europe,164.0,164.0,501.0,501.0,501.0,501.0,501.0,501.0
Shanghai,545.0,1017.0,1017.0,1017.0,1017.0,1017.0,547.0,547.0,547.0,547.0,547.0,547.0,547.0,1016.0,1016.0,1016.0,Asia,549.0,1016.0,549.0,549.0,1016.0,655.0,549.0,549.0
Shannon,181.0,363.0,363.0,363.0,363.0,363.0,363.0,363.0,252.0,252.0,252.0,252.0,252.0,252.0,252.0,252.0,Europe,252.0,252.0,252.0,252.0,252.0,252.0,252.0,252.0
Shantou,2765.0,2655.0,2655.0,2655.0,2655.0,2655.0,2655.0,2655.0,2651.0,2651.0,2651.0,2651.0,2651.0,2653.0,2653.0,2653.0,Asia,2653.0,2653.0,2653.0,2653.0,2653.0,2653.0,2653.0,2653.0
Sharjah,1877.0,1877.0,1879.0,1879.0,1879.0,1879.0,1879.0,1879.0,1875.0,1875.0,1875.0,1875.0,1875.0,1876.0,1876.0,1876.0,Asia,1876.0,1876.0,1876.0,1876.0,3849.0,1876.0,487.0,487.0
Sharm el-Sheikh,1229.0,1229.0,1229.0,1229.0,1229.0,1229.0,1229.0,1229.0,1227.0,1227.0,1227.0,1227.0,1227.0,1227.0,1227.0,1227.0,Africa,1227.0,1228.0,513.0,513.0,513.0,513.0,1228.0,1228.0
Shenzhen,954.0,954.0,954.0,954.0,954.0,954.0,954.0,954.0,953.0,953.0,953.0,953.0,953.0,953.0,953.0,953.0,Asia,953.0,957.0,957.0,957.0,957.0,957.0,957.0,957.0
Shymkent,,,,,,,,,,,,,,,,,,,,523.0,523.0,523.0,523.0,523.0,523.0
Sibiu,,,,,,,,,,,,,,,,,,209.0,,,,,,,
Siem Reap,878.0,878.0,878.0,878.0,878.0,878.0,878.0,878.0,881.0,881.0,881.0,881.0,881.0,881.0,881.0,881.0,Asia,881.0,885.0,885.0,885.0,885.0,885.0,885.0,885.0
Simferopol,,,,,,,,,,,,,,,,,,,369.0,369.0,369.0,376.0,376.0,376.0,376.0
Simpson Bay,,,,,,,,,,,,,,,,,,1244.0,2036.0,970.0,970.0,970.0,2036.0,970.0,970.0
Singapore,476.0,476.0,627.0,627.0,627.0,627.0,627.0,627.0,461.0,461.0,461.0,461.0,461.0,477.0,477.0,477.0,Asia,477.0,477.0,477.0,477.0,2097.0,495.0,468.0,468.0
Sitia,447.0,447.0,447.0,447.0,447.0,447.0,447.0,447.0,309.0,309.0,309.0,309.0,309.0,309.0,309.0,309.0,Europe,386.0,386.0,386.0,386.0,386.0,283.0,283.0,283.0
Siālkot,932.0,932.0,932.0,932.0,932.0,932.0,932.0,932.0,931.0,931.0,931.0,931.0,931.0,931.0,931.0,931.0,Asia,931.0,931.0,931.0,931.0,931.0,931.0,931.0,931.0
Skiathos,,,,,,,,,,,,,,,,,,420.0,420.0,291.0,291.0,291.0,291.0,420.0,420.0
Skopje,561.0,561.0,561.0,561.0,561.0,561.0,561.0,561.0,561.0,561.0,561.0,561.0,561.0,561.0,561.0,561.0,Europe,561.0,561.0,561.0,561.0,561.0,561.0,561.0,561.0
Sofia,144.0,144.0,144.0,144.0,144.0,144.0,144.0,144.0,154.0,154.0,154.0,154.0,154.0,154.0,154.0,154.0,Europe,148.0,148.0,148.0,148.0,148.0,148.0,148.0,148.0
South Bend,1765.0,1647.0,1647.0,1647.0,1647.0,1647.0,1647.0,1647.0,1645.0,1645.0,1645.0,1645.0,1645.0,1646.0,1646.0,1646.0,North America,1646.0,1646.0,1646.0,1646.0,1646.0,1646.0,1646.0,1646.0
Split,139.0,139.0,175.0,175.0,175.0,175.0,175.0,175.0,151.0,151.0,151.0,151.0,151.0,176.0,176.0,176.0,Europe,155.0,176.0,139.0,139.0,140.0,140.0,136.0,136.0
Springfield,1692.0,1692.0,1692.0,1692.0,1692.0,1692.0,1692.0,1692.0,1572.0,1572.0,1572.0,1572.0,1572.0,1572.0,1572.0,1572.0,North America,1748.0,1748.0,1748.0,1748.0,1748.0,1748.0,1748.0,1748.0
St. John's,,,,,,,,,,,,,,,,,,942.0,942.0,942.0,942.0,,,,
St. Louis,2031.0,2004.0,2004.0,2004.0,2004.0,2004.0,2004.0,2004.0,2029.0,2029.0,2029.0,2029.0,2029.0,2015.0,2015.0,2015.0,North America,2015.0,2015.0,2015.0,2015.0,2031.0,2031.0,2031.0,2031.0
Stavanger,203.0,203.0,203.0,203.0,203.0,203.0,600.0,600.0,203.0,203.0,203.0,203.0,203.0,203.0,203.0,203.0,Europe,599.0,204.0,204.0,204.0,204.0,204.0,204.0,204.0
Stockholm,84.0,78.0,78.0,78.0,78.0,78.0,74.0,74.0,84.0,84.0,84.0,84.0,84.0,207.0,207.0,207.0,Europe,84.0,151.0,74.0,74.0,215.0,215.0,84.0,84.0
Stokmarknes,,,,,,,,,,,,,,,,,,789.0,789.0,789.0,789.0,789.0,789.0,789.0,789.0
Strasbourg,,,,,,,,,,,,,,,,,,,162.0,162.0,162.0,162.0,162.0,162.0,162.0
Surabaya,2735.0,2735.0,2736.0,2736.0,2736.0,2736.0,2736.0,2736.0,2731.0,2731.0,2731.0,2731.0,2731.0,2731.0,2731.0,2731.0,Asia,2734.0,2734.0,2734.0,2734.0,2734.0,2734.0,2734.0,2734.0
Surat Thani,,,,,,,,,,,,,,,,,,,775.0,775.0,775.0,775.0,775.0,775.0,775.0
Svolvær,,,,,,,,,,,,,,,,,,400.0,619.0,619.0,619.0,619.0,619.0,619.0,619.0
Sydney,965.0,965.0,965.0,965.0,965.0,965.0,965.0,965.0,963.0,963.0,963.0,963.0,963.0,805.0,805.0,805.0,Oceania,805.0,800.0,800.0,800.0,681.0,681.0,930.0,930.0
Sylt,,,,,,,,,,,,,,,,,,407.0,407.0,336.0,336.0,336.0,336.0,336.0,336.0
São Tomé,718.0,718.0,718.0,718.0,718.0,718.0,718.0,718.0,706.0,706.0,706.0,706.0,706.0,706.0,706.0,706.0,Africa,706.0,721.0,721.0,721.0,710.0,710.0,710.0,710.0
Sørvágur,,,,,,,,,,,,,,,,,,356.0,290.0,258.0,258.0,269.0,269.0,269.0,269.0
Taif,,,,,,,,,,,,,,,,,,698.0,,,,,,,
Taipei,,,,,,,,,,,,,,,,,,1351.0,1351.0,629.0,629.0,629.0,2212.0,1351.0,1351.0
Tallinn,125.0,125.0,125.0,125.0,125.0,125.0,125.0,125.0,143.0,143.0,143.0,143.0,143.0,139.0,139.0,139.0,Europe,123.0,97.0,97.0,97.0,97.0,97.0,150.0,150.0
Tampa,425.0,425.0,441.0,441.0,441.0,441.0,441.0,441.0,485.0,485.0,485.0,485.0,485.0,485.0,485.0,485.0,North America,1949.0,408.0,566.0,566.0,566.0,566.0,617.0,617.0
Tampico,5604.0,5604.0,5604.0,5604.0,5604.0,5604.0,5604.0,5604.0,5595.0,5595.0,5595.0,5595.0,5595.0,5595.0,5595.0,5595.0,North America,5595.0,5601.0,5601.0,5601.0,5601.0,5601.0,5601.0,5601.0
Tangier,,,,,,,,,,,,,,,,,,275.0,275.0,275.0,275.0,275.0,275.0,275.0,275.0
Tashkent,,,,,,,,,,,,,,,,,,558.0,558.0,467.0,467.0,467.0,467.0,467.0,467.0
Taupo,,,,,,,,,,,,,,,,,,1688.0,1688.0,1688.0,1688.0,1688.0,1688.0,1688.0,1688.0
Tbilisi,245.0,245.0,245.0,245.0,245.0,245.0,245.0,245.0,246.0,246.0,246.0,246.0,246.0,246.0,246.0,246.0,Europe,246.0,251.0,223.0,223.0,223.0,253.0,253.0,253.0
Tehran,1432.0,1432.0,1432.0,1432.0,1432.0,1432.0,1432.0,1432.0,1431.0,1431.0,1431.0,1431.0,1431.0,1431.0,1431.0,1431.0,Asia,1431.0,1437.0,1437.0,1437.0,1437.0,1437.0,1437.0,1437.0
Tel Aviv,128.0,128.0,128.0,128.0,128.0,128.0,818.0,818.0,133.0,133.0,133.0,133.0,133.0,128.0,128.0,128.0,Asia,133.0,145.0,125.0,125.0,125.0,125.0,137.0,137.0
Thera,,,,,,,,,,,,,,,,,,,318.0,284.0,284.0,296.0,296.0,296.0,296.0
Thessaloniki,225.0,225.0,164.0,164.0,164.0,164.0,160.0,160.0,147.0,147.0,147.0,147.0,147.0,147.0,147.0,147.0,Europe,451.0,154.0,154.0,154.0,154.0,225.0,161.0,161.0
Thunder Bay,2020.0,2116.0,2116.0,2116.0,2116.0,2116.0,2006.0,2006.0,2116.0,2116.0,2116.0,2116.0,2116.0,2112.0,2112.0,2112.0,North America,2003.0,2113.0,2003.0,2003.0,2113.0,2003.0,2003.0,2003.0
Tijuana,3592.0,3671.0,3671.0,3671.0,3671.0,3671.0,3671.0,3671.0,3586.0,3586.0,3586.0,3586.0,3586.0,3671.0,3671.0,3671.0,North America,3671.0,3674.0,3589.0,3589.0,3674.0,3674.0,3589.0,3589.0
Tirana,,,,,,,,,,,,,,,,,,,,202.0,202.0,209.0,209.0,202.0,202.0
Tiruchirappalli,3467.0,3467.0,3467.0,3467.0,3467.0,3467.0,3469.0,3469.0,3462.0,3462.0,3462.0,3462.0,3462.0,3462.0,3462.0,3462.0,Asia,3465.0,3465.0,3465.0,3465.0,3465.0,3465.0,3465.0,3465.0
Tivat,,,,,,,,,,,,,,,,,,,409.0,409.0,409.0,251.0,251.0,251.0,251.0
Tokyo,529.0,529.0,558.0,558.0,558.0,558.0,558.0,558.0,525.0,525.0,525.0,525.0,525.0,1236.0,1236.0,1236.0,Asia,666.0,541.0,541.0,541.0,566.0,566.0,546.0,546.0
Toledo,1027.0,1027.0,1027.0,1027.0,1027.0,1027.0,1027.0,1027.0,1026.0,1026.0,1026.0,1026.0,1026.0,1026.0,1026.0,1026.0,North America,1026.0,1028.0,1028.0,1028.0,1028.0,1028.0,1028.0,1028.0
Toronto,479.0,479.0,592.0,592.0,592.0,592.0,471.0,471.0,488.0,488.0,488.0,488.0,488.0,579.0,579.0,579.0,North America,492.0,579.0,447.0,447.0,492.0,492.0,492.0,492.0
Toulouse,166.0,166.0,166.0,166.0,166.0,166.0,166.0,166.0,166.0,166.0,166.0,166.0,166.0,165.0,165.0,165.0,Europe,165.0,451.0,166.0,166.0,451.0,166.0,166.0,166.0
Townsville,3812.0,3812.0,3812.0,3812.0,3812.0,3812.0,8359.0,8359.0,3806.0,3806.0,3806.0,3806.0,3806.0,3806.0,3806.0,3806.0,Oceania,8350.0,3810.0,3810.0,3810.0,3810.0,3810.0,3810.0,3810.0
Trabzon,,,,,,,,,,,,,,,,,,,245.0,245.0,245.0,245.0,245.0,245.0,245.0
Trelew,,,,,,,,,,,,,,,,,,1097.0,1097.0,1097.0,1097.0,,,,
Trieste,,,,,,,,,,,,,,,,,,215.0,208.0,208.0,208.0,208.0,208.0,208.0,208.0
Tromsø,256.0,256.0,256.0,256.0,256.0,256.0,256.0,256.0,236.0,236.0,236.0,236.0,236.0,236.0,236.0,236.0,Europe,236.0,236.0,266.0,266.0,266.0,266.0,266.0,266.0
Trondheim,261.0,261.0,217.0,217.0,217.0,217.0,217.0,217.0,275.0,275.0,275.0,275.0,275.0,275.0,275.0,275.0,Europe,275.0,222.0,209.0,209.0,209.0,209.0,209.0,209.0
Tucson,1716.0,1716.0,1586.0,1586.0,1586.0,1586.0,1586.0,1586.0,1583.0,1583.0,1583.0,1583.0,1583.0,1584.0,1584.0,1584.0,North America,1584.0,1584.0,1584.0,1584.0,1584.0,1584.0,1584.0,1584.0
Tulsa,2619.0,2619.0,2619.0,2619.0,2619.0,2619.0,2914.0,2914.0,3163.0,3163.0,3163.0,3163.0,3163.0,3163.0,3163.0,3163.0,North America,2912.0,2912.0,2912.0,2912.0,2167.0,2167.0,2912.0,2912.0
Tunis,,,,,,,,,,,,,,,,,,,,,,,,336.0,336.0
Turin,,,,,,,,,,,,,,,,,,172.0,172.0,172.0,172.0,172.0,172.0,172.0,172.0
Ulaanbaatar,851.0,851.0,716.0,716.0,716.0,716.0,716.0,716.0,1019.0,1019.0,1019.0,1019.0,1019.0,703.0,703.0,703.0,Asia,703.0,703.0,703.0,703.0,,,,
Vaitape,,,,,,,,,,,,,,,,,,2184.0,2184.0,2184.0,2184.0,,,,
Valencia,122.0,122.0,122.0,122.0,122.0,122.0,173.0,173.0,124.0,124.0,124.0,124.0,124.0,133.0,133.0,133.0,Europe,133.0,133.0,161.0,161.0,122.0,122.0,122.0,122.0
Van,1134.0,1134.0,1134.0,1134.0,1134.0,1134.0,1135.0,1135.0,478.0,478.0,478.0,478.0,478.0,478.0,478.0,478.0,Europe,479.0,479.0,480.0,480.0,480.0,937.0,479.0,479.0
Vancouver,524.0,524.0,724.0,724.0,724.0,724.0,526.0,526.0,462.0,462.0,462.0,462.0,462.0,808.0,808.0,808.0,North America,649.0,2650.0,465.0,465.0,725.0,725.0,721.0,721.0
Varadero,,,,,,,,,,,,,,,,,,732.0,,774.0,774.0,774.0,774.0,774.0,774.0
Varna,231.0,231.0,192.0,192.0,192.0,192.0,192.0,192.0,253.0,253.0,253.0,253.0,253.0,253.0,253.0,253.0,Europe,253.0,253.0,253.0,253.0,,231.0,231.0,231.0
Venice,484.0,2342.0,2342.0,2342.0,2342.0,2342.0,484.0,484.0,73.0,73.0,73.0,73.0,73.0,73.0,73.0,73.0,Europe,73.0,126.0,74.0,74.0,74.0,74.0,74.0,74.0
Verona,198.0,198.0,198.0,198.0,198.0,198.0,198.0,198.0,228.0,228.0,228.0,228.0,228.0,228.0,228.0,228.0,Europe,199.0,151.0,138.0,138.0,138.0,199.0,199.0,199.0
Victoria,2287.0,2287.0,2287.0,2287.0,2287.0,2287.0,2287.0,2287.0,3159.0,3159.0,3159.0,3159.0,3159.0,3159.0,3159.0,3159.0,North America,3159.0,2285.0,2285.0,2285.0,2285.0,2285.0,2285.0,2285.0
Vienna,98.0,98.0,396.0,396.0,396.0,396.0,98.0,98.0,98.0,98.0,98.0,98.0,98.0,98.0,98.0,98.0,Europe,396.0,396.0,98.0,98.0,98.0,396.0,98.0,98.0
Vientiane,2283.0,2283.0,2283.0,2283.0,2283.0,2283.0,2284.0,2284.0,2280.0,2280.0,2280.0,2280.0,2280.0,2280.0,2280.0,2280.0,Asia,2282.0,2282.0,2282.0,2282.0,2282.0,2282.0,864.0,864.0
Vigo,,,,,,,,,,,,,,,,,,323.0,259.0,259.0,259.0,259.0,259.0,259.0,259.0
Vila do Porto,1107.0,1105.0,1105.0,1105.0,1105.0,1105.0,1105.0,1105.0,1106.0,1106.0,1106.0,1106.0,1106.0,1111.0,1111.0,1111.0,Europe,1111.0,1111.0,1111.0,1111.0,1111.0,1111.0,1111.0,1111.0
Vilnius,,,,,,,,,,,,,,,,,,99.0,,,,,,,
Visby,,,,,,,,,,,,,,,,,,,,,,,,303.0,303.0
Warsaw,133.0,133.0,133.0,133.0,133.0,133.0,118.0,118.0,128.0,128.0,128.0,128.0,128.0,134.0,134.0,134.0,Europe,134.0,134.0,96.0,96.0,134.0,134.0,132.0,132.0
Washington,704.0,704.0,2162.0,2162.0,2162.0,2162.0,611.0,611.0,566.0,566.0,566.0,566.0,566.0,2177.0,2177.0,2177.0,North America,553.0,601.0,548.0,548.0,2175.0,2175.0,704.0,704.0
Waterloo,1610.0,1610.0,5197.0,5197.0,5197.0,5197.0,5197.0,5197.0,1725.0,1725.0,1725.0,1725.0,1725.0,1725.0,1725.0,1725.0,North America,5192.0,5192.0,1727.0,1727.0,1727.0,5192.0,1727.0,1727.0
Watertown,,,,,,,,,,,,,,,,,,,,,,,,2924.0,2924.0
Wellington,2333.0,3853.0,3853.0,3853.0,3853.0,3853.0,2386.0,2386.0,1210.0,1210.0,1210.0,1210.0,1210.0,3853.0,3853.0,3853.0,Oceania,2399.0,3857.0,1343.0,1343.0,3857.0,3857.0,2398.0,2398.0
West Palm Beach,,,,,,,,,,,,,,,,,,519.0,857.0,2138.0,2138.0,2138.0,2138.0,2138.0,2138.0
West Tisbury,,,,,,,,,,,,,,,,,,,,,,984.0,984.0,984.0,984.0
White Plains,1989.0,1672.0,1672.0,1672.0,1672.0,1672.0,1672.0,1672.0,1866.0,1866.0,1866.0,1866.0,1866.0,1670.0,1670.0,1670.0,North America,869.0,1670.0,940.0,940.0,1670.0,1670.0,2848.0,2848.0
Wichita,,,,,,,,,,,,,,,,,,970.0,,,,,,,
Willemstad,,,,,,,,,,,,,,,,,,2232.0,2232.0,2232.0,2232.0,2232.0,2232.0,2232.0,2232.0
Wilmington,5196.0,5196.0,5196.0,5196.0,5196.0,5196.0,5196.0,5196.0,5187.0,5187.0,5187.0,5187.0,5187.0,5187.0,5187.0,5187.0,North America,5187.0,5192.0,5192.0,5192.0,5192.0,5192.0,1733.0,1733.0
Windhoek,588.0,588.0,1978.0,1978.0,1978.0,1978.0,1424.0,1424.0,993.0,993.0,993.0,993.0,993.0,993.0,993.0,993.0,Africa,1424.0,801.0,625.0,625.0,625.0,845.0,693.0,693.0
Winnipeg,1477.0,1477.0,1477.0,1477.0,1477.0,1477.0,1477.0,1477.0,1474.0,1474.0,1474.0,1474.0,1474.0,1475.0,1475.0,1475.0,North America,1475.0,1475.0,1475.0,1475.0,1475.0,1475.0,1475.0,1475.0
Worcester,,,,,,,,,,,,,,,,,,833.0,,,,980.0,980.0,980.0,980.0
Xi'an,6609.0,6609.0,6609.0,6609.0,6609.0,6609.0,6609.0,6609.0,6599.0,6599.0,6599.0,6599.0,6599.0,6599.0,6599.0,6599.0,Asia,6599.0,6604.0,6604.0,6604.0,6604.0,6604.0,6604.0,6604.0
Xiamen,6584.0,6584.0,6584.0,6584.0,6584.0,6584.0,6587.0,6587.0,6574.0,6574.0,6574.0,6574.0,6574.0,6574.0,6574.0,6574.0,Asia,6583.0,6583.0,6583.0,6583.0,6583.0,6583.0,6580.0,6580.0
Yangon,777.0,777.0,777.0,777.0,777.0,777.0,777.0,777.0,781.0,781.0,781.0,781.0,781.0,781.0,781.0,781.0,Asia,781.0,782.0,783.0,783.0,783.0,783.0,783.0,783.0
Yekaterinburg,,,,,,,,,,,,,,,,,,,,341.0,341.0,341.0,341.0,341.0,341.0
Yerevan,,,,,,,,,,,,,,,,,,,,330.0,330.0,330.0,330.0,330.0,330.0
Yuma,2705.0,2705.0,3865.0,3865.0,3865.0,3865.0,3865.0,3865.0,3858.0,3858.0,3858.0,3858.0,3858.0,3862.0,3862.0,3862.0,North America,3862.0,3862.0,3862.0,3862.0,3862.0,3862.0,3862.0,3862.0
Zadar,217.0,217.0,728.0,728.0,728.0,728.0,288.0,288.0,177.0,177.0,177.0,177.0,177.0,177.0,177.0,177.0,Europe,178.0,727.0,167.0,167.0,210.0,210.0,210.0,210.0
Zagreb,494.0,494.0,494.0,494.0,494.0,494.0,494.0,494.0,494.0,494.0,494.0,494.0,494.0,494.0,494.0,494.0,Europe,167.0,162.0,141.0,141.0,167.0,167.0,167.0,167.0
Zakynthos,,,,,,,,,,,,,,,,,,386.0,386.0,415.0,415.0,415.0,415.0,281.0,281.0
Zanzibar,602.0,602.0,602.0,602.0,602.0,602.0,602.0,602.0,902.0,902.0,902.0,902.0,902.0,902.0,902.0,902.0,Africa,902.0,748.0,611.0,611.0,611.0,611.0,611.0,611.0
Zhengzhou,1259.0,1259.0,1259.0,1259.0,1259.0,1259.0,2288.0,2288.0,1260.0,1260.0,1260.0,1260.0,1260.0,1264.0,1264.0,1264.0,Asia,2288.0,1259.0,2290.0,2290.0,1259.0,1259.0,2290.0,2290.0
Zurich,101.0,101.0,100.0,100.0,100.0,100.0,100.0,100.0,131.0,131.0,131.0,131.0,131.0,101.0,101.0,101.0,Europe,101.0,101.0,101.0,101.0,101.0,101.0,321.0,321.0
