City,2019-09-14 09:06:04.758860,Continent,2019-09-14 19:07:41.299389,2019-09-14 23:04:03.931892,2019-09-15 10:22:31.321676,2019-09-15 22:26:55.733392,2019-09-16 09:45:04.182069,2019-09-16 11:00:36.337413,2019-09-16 11:43:00.554347,2019-09-16 11:46:57.966601,2019-09-16 17:59:54.466639
Aalborg,667.0,Europe,665.0,665.0,667.0,234.0,667.0,667.0,667.0,667.0,667.0
Aarhus,153.0,Europe,268.0,268.0,268.0,668.0,406.0,406.0,520.0,520.0,163.0
Abakan,,,,,,575.0,575.0,575.0,575.0,575.0,575.0
Abbotsford,2234.0,North America,2234.0,2234.0,,1167.0,1167.0,1167.0,1167.0,1167.0,1167.0
Aberdeen,179.0,Europe,146.0,142.0,142.0,135.0,338.0,338.0,338.0,338.0,153.0
Abidjan,2208.0,,2208.0,2208.0,2211.0,726.0,2211.0,2211.0,2211.0,2211.0,2211.0
Abu Dhabi,331.0,Asia,331.0,331.0,326.0,321.0,374.0,374.0,371.0,371.0,326.0
Abu Simbel,1038.0,Africa,1038.0,1038.0,,,,,,,
Abuja,600.0,Africa,592.0,592.0,642.0,611.0,790.0,790.0,790.0,790.0,642.0
Acapulco,3584.0,North America,3673.0,3673.0,3673.0,3587.0,3587.0,3587.0,3587.0,3587.0,3587.0
Accra,486.0,Africa,398.0,398.0,433.0,433.0,418.0,418.0,418.0,418.0,418.0
Adana,541.0,Europe,201.0,201.0,186.0,220.0,344.0,344.0,290.0,290.0,254.0
Addis Ababa,469.0,Africa,474.0,474.0,824.0,469.0,471.0,471.0,467.0,467.0,453.0
Addu City,636.0,Asia,636.0,636.0,636.0,655.0,655.0,655.0,655.0,655.0,655.0
Adelaide,1268.0,Oceania,1268.0,1268.0,1268.0,1038.0,1261.0,1261.0,1261.0,1261.0,1261.0
Adıyaman,504.0,Europe,504.0,504.0,,,,,,,
Agadir,113.0,Africa,113.0,113.0,208.0,127.0,432.0,432.0,235.0,235.0,202.0
Agios Kirykos,275.0,Europe,275.0,275.0,275.0,275.0,275.0,275.0,275.0,275.0,275.0
Aguadilla,649.0,,649.0,649.0,,,,,,,
Aguascalientes,767.0,North America,767.0,767.0,767.0,767.0,799.0,799.0,799.0,799.0,799.0
Ahmedabad,698.0,Asia,682.0,682.0,682.0,940.0,940.0,940.0,624.0,624.0,624.0
Aitutaki,,,,,,3134.0,3134.0,3134.0,3134.0,3134.0,3134.0
Ajaccio,284.0,Europe,284.0,284.0,408.0,234.0,234.0,234.0,290.0,290.0,290.0
Akron,601.0,North America,601.0,601.0,601.0,601.0,,,,,610.0
Akureyri,574.0,Europe,574.0,574.0,,,,,,,
Albany,881.0,North America,881.0,881.0,881.0,881.0,881.0,881.0,881.0,881.0,881.0
Albuquerque,1140.0,North America,1140.0,1140.0,1140.0,1140.0,1140.0,1140.0,746.0,746.0,746.0
Alexandria,573.0,Africa,573.0,573.0,573.0,312.0,574.0,574.0,530.0,530.0,530.0
Alexandroúpoli,433.0,Europe,433.0,433.0,,347.0,347.0,347.0,347.0,347.0,347.0
Alghero,60.0,Europe,60.0,60.0,98.0,38.0,218.0,218.0,45.0,45.0,42.0
Algiers,215.0,Africa,213.0,213.0,183.0,183.0,180.0,180.0,180.0,180.0,180.0
Alicante,70.0,Europe,70.0,58.0,87.0,71.0,70.0,70.0,70.0,70.0,70.0
Alice Springs,1532.0,Oceania,1532.0,1532.0,1532.0,1532.0,1532.0,1532.0,1532.0,1532.0,1532.0
Allentown,873.0,North America,875.0,875.0,1184.0,775.0,775.0,775.0,875.0,875.0,610.0
Almaty,342.0,Europe,401.0,401.0,439.0,275.0,415.0,415.0,415.0,415.0,411.0
Almería,253.0,Europe,253.0,249.0,240.0,130.0,130.0,130.0,130.0,130.0,243.0
Alta,314.0,Europe,280.0,280.0,280.0,587.0,587.0,290.0,290.0,290.0,261.0
Ambon,1158.0,Asia,1158.0,1158.0,1158.0,1047.0,1047.0,1047.0,1047.0,1047.0,1047.0
Amman,269.0,Asia,132.0,132.0,332.0,139.0,287.0,287.0,260.0,260.0,139.0
Amritsar,790.0,Asia,2592.0,2592.0,899.0,899.0,899.0,899.0,899.0,899.0,2592.0
Amsterdam,67.0,Europe,63.0,63.0,78.0,62.0,71.0,71.0,71.0,71.0,68.0
Anapa,234.0,Europe,234.0,234.0,289.0,289.0,289.0,289.0,289.0,289.0,289.0
Anchorage,1019.0,North America,1019.0,1019.0,1019.0,802.0,802.0,802.0,802.0,802.0,802.0
Ancona,193.0,Europe,192.0,192.0,193.0,193.0,193.0,193.0,193.0,193.0,193.0
Andenes,352.0,Europe,352.0,352.0,,,887.0,887.0,887.0,887.0,887.0
Angeles City,736.0,Asia,737.0,737.0,737.0,839.0,1180.0,1180.0,1180.0,1180.0,945.0
Ankara,150.0,Europe,133.0,133.0,151.0,132.0,207.0,207.0,151.0,151.0,132.0
Annaba,,,620.0,620.0,620.0,620.0,620.0,620.0,620.0,620.0,620.0
Antakya,350.0,Europe,247.0,247.0,247.0,257.0,257.0,257.0,342.0,342.0,274.0
Antalya,163.0,Europe,152.0,116.0,188.0,116.0,116.0,116.0,116.0,116.0,116.0
Antananarivo,849.0,Africa,810.0,810.0,800.0,789.0,826.0,826.0,816.0,816.0,810.0
Antofagasta,,,,,,644.0,644.0,644.0,644.0,644.0,644.0
Antsiranana,,,,,,1152.0,1152.0,1152.0,1152.0,1152.0,1152.0
Antwerp,418.0,Europe,418.0,418.0,418.0,437.0,346.0,346.0,346.0,346.0,346.0
Apia,2560.0,Oceania,2560.0,2560.0,1729.0,1729.0,1729.0,1729.0,2962.0,2962.0,1907.0
Appleton,1122.0,North America,1122.0,1122.0,1122.0,1122.0,1122.0,1122.0,1159.0,1159.0,1159.0
Aqaba,65.0,Asia,63.0,63.0,221.0,63.0,65.0,65.0,65.0,65.0,65.0
Araguaína,5672.0,South America,4759.0,4759.0,4759.0,5994.0,5994.0,5994.0,5994.0,5994.0,5994.0
Araçatuba,3595.0,South America,3595.0,3595.0,3596.0,3596.0,3596.0,3596.0,3596.0,3596.0,3596.0
Arequipa,,,,,,748.0,748.0,748.0,1934.0,1934.0,1934.0
Argostoli,190.0,Europe,183.0,183.0,163.0,42.0,42.0,42.0,42.0,42.0,42.0
Armenia,,,,,751.0,751.0,751.0,751.0,751.0,751.0,751.0
Arrecife,112.0,Europe,78.0,78.0,174.0,87.0,106.0,106.0,106.0,106.0,106.0
Arusha,548.0,Africa,548.0,548.0,548.0,571.0,571.0,571.0,571.0,571.0,571.0
Arvidsjaur,785.0,Europe,789.0,789.0,789.0,789.0,789.0,789.0,789.0,789.0,789.0
Asaba,,,1342.0,1342.0,1342.0,1342.0,1342.0,1342.0,1342.0,1342.0,1342.0
Asheville,627.0,North America,1039.0,1039.0,1039.0,663.0,663.0,663.0,663.0,663.0,1008.0
Ashgabat,,,,,,,,,,,710.0
Asmara,,,,,,638.0,602.0,602.0,602.0,602.0,628.0
Aspen,,,,,,,,,,,2725.0
Astypálaia,835.0,Europe,835.0,835.0,835.0,835.0,,,,,
Asuncion,1173.0,South America,833.0,833.0,898.0,811.0,904.0,904.0,904.0,904.0,904.0
Aswan,655.0,Africa,655.0,655.0,655.0,655.0,655.0,655.0,655.0,655.0,655.0
Athens,68.0,Europe,44.0,44.0,40.0,40.0,41.0,41.0,41.0,41.0,37.0
Atlanta,525.0,North America,495.0,495.0,681.0,493.0,576.0,576.0,519.0,519.0,461.0
Auckland,1086.0,Oceania,947.0,890.0,1313.0,855.0,1061.0,1061.0,1061.0,1061.0,970.0
Augusta,3037.0,North America,3037.0,3037.0,3037.0,3037.0,3037.0,3037.0,3037.0,3037.0,3037.0
Austin,611.0,North America,381.0,381.0,389.0,389.0,675.0,675.0,496.0,496.0,496.0
Bacău,,,,,,,,,,,624.0
Badajoz,,,,,,432.0,432.0,432.0,205.0,205.0,205.0
Baghdad,427.0,Asia,429.0,429.0,429.0,429.0,663.0,663.0,541.0,541.0,533.0
Baie-Comeau,,,,,,1088.0,1088.0,1088.0,1088.0,1088.0,1088.0
Baku,333.0,Europe,333.0,333.0,355.0,318.0,371.0,371.0,354.0,354.0,292.0
Balikpapan,2727.0,Asia,2727.0,2727.0,2727.0,2727.0,2727.0,2727.0,2727.0,2727.0,2727.0
Ballina,,,,,,1994.0,1994.0,1994.0,1994.0,1994.0,1994.0
Balmaceda,,,1056.0,,,,,,821.0,,
Baltimore,484.0,North America,484.0,484.0,522.0,453.0,458.0,458.0,458.0,458.0,458.0
Baltra,,,,,964.0,964.0,1018.0,1018.0,1018.0,1018.0,1018.0
Bamako,779.0,Africa,779.0,779.0,779.0,779.0,779.0,779.0,779.0,779.0,871.0
Bandar Seri Begawan,843.0,,843.0,843.0,843.0,843.0,,,,,862.0
Bandung,938.0,Asia,938.0,938.0,938.0,938.0,1600.0,1600.0,1600.0,1600.0,1600.0
Bangkok,404.0,Asia,402.0,402.0,435.0,393.0,386.0,386.0,386.0,386.0,386.0
Bangor,1006.0,North America,1007.0,1007.0,1007.0,1007.0,1007.0,1007.0,1007.0,1007.0,2864.0
Bangui,2083.0,Africa,2083.0,2083.0,2083.0,2083.0,,,904.0,904.0,904.0
Banja Luka,34.0,Europe,46.0,34.0,158.0,26.0,162.0,162.0,162.0,162.0,74.0
Banjul,676.0,,676.0,548.0,413.0,400.0,400.0,400.0,676.0,676.0,676.0
Banyuwangi,1217.0,Asia,1217.0,938.0,938.0,846.0,846.0,846.0,846.0,846.0,846.0
Barcelona,35.0,Europe,34.0,34.0,35.0,35.0,34.0,34.0,34.0,34.0,34.0
Bardufoss,264.0,Europe,264.0,227.0,227.0,269.0,402.0,402.0,402.0,402.0,402.0
Bari,99.0,Europe,72.0,72.0,115.0,60.0,106.0,106.0,106.0,106.0,103.0
Barnaul,358.0,Europe,358.0,358.0,358.0,358.0,358.0,358.0,358.0,358.0,358.0
Barranquilla,926.0,South America,926.0,825.0,825.0,1424.0,658.0,658.0,658.0,658.0,658.0
Barreiras,2725.0,South America,2726.0,2726.0,2726.0,2726.0,2726.0,2726.0,2726.0,2726.0,2726.0
Basco,,,,1026.0,1026.0,1026.0,1026.0,1026.0,1026.0,1026.0,1026.0
Basel,89.0,Europe,48.0,48.0,67.0,45.0,57.0,57.0,53.0,53.0,45.0
Basra,405.0,Asia,405.0,405.0,,,,,,,
Basseterre,,,,,,,,,,,786.0
Bastia,188.0,Europe,188.0,188.0,312.0,165.0,200.0,200.0,200.0,200.0,200.0
Bath,304.0,Europe,304.0,304.0,304.0,280.0,280.0,280.0,280.0,280.0,269.0
Bathurst,748.0,North America,748.0,748.0,,,,,,,
Batman,480.0,Europe,480.0,480.0,480.0,480.0,480.0,480.0,480.0,480.0,480.0
Baton Rouge,5192.0,North America,1552.0,1552.0,1552.0,1552.0,1552.0,1552.0,5192.0,5192.0,5192.0
Batumi,464.0,Europe,641.0,641.0,641.0,368.0,368.0,368.0,368.0,368.0,374.0
Bazhong,3528.0,Asia,3528.0,3528.0,3528.0,3528.0,,,,,
Beijing,423.0,Asia,423.0,423.0,435.0,425.0,435.0,435.0,437.0,437.0,437.0
Beirut,230.0,Asia,222.0,222.0,268.0,221.0,247.0,247.0,245.0,245.0,230.0
Belfast,45.0,Europe,45.0,45.0,45.0,45.0,45.0,45.0,80.0,80.0,61.0
Belgorod,279.0,Europe,315.0,315.0,315.0,315.0,315.0,315.0,315.0,315.0,315.0
Belgrade,137.0,Europe,47.0,47.0,63.0,54.0,59.0,59.0,35.0,35.0,38.0
Belize City,781.0,North America,782.0,782.0,782.0,757.0,757.0,757.0,833.0,833.0,809.0
Bellingham,871.0,North America,871.0,871.0,,1298.0,1298.0,1298.0,1298.0,1298.0,1298.0
Belmopan,5215.0,North America,5215.0,5215.0,,,,,,,1955.0
Belo Horizonte,776.0,South America,895.0,895.0,994.0,872.0,872.0,872.0,872.0,872.0,904.0
Belém,966.0,South America,966.0,966.0,1038.0,1038.0,1092.0,1092.0,1092.0,1092.0,1092.0
Bengaluru,520.0,Asia,520.0,520.0,520.0,520.0,520.0,520.0,520.0,520.0,520.0
Bergen,100.0,Europe,100.0,100.0,94.0,93.0,93.0,93.0,590.0,590.0,100.0
Bergerac,717.0,Europe,717.0,717.0,413.0,413.0,413.0,413.0,413.0,413.0,413.0
Bern,1559.0,Europe,1681.0,1681.0,1681.0,1681.0,1681.0,1681.0,1681.0,1681.0,1681.0
Bhopal,831.0,Asia,831.0,831.0,831.0,831.0,669.0,669.0,669.0,669.0,669.0
Bhubaneshwar,783.0,Asia,783.0,783.0,,,,,,,
Biarritz,213.0,Europe,231.0,231.0,231.0,156.0,255.0,255.0,255.0,255.0,155.0
Bilbao,146.0,Europe,131.0,131.0,119.0,119.0,179.0,179.0,146.0,146.0,112.0
Billund,34.0,Europe,34.0,28.0,34.0,23.0,238.0,45.0,28.0,28.0,23.0
Bintulu,936.0,Asia,936.0,936.0,,885.0,885.0,885.0,885.0,885.0,885.0
Birmingham,259.0,Europe,91.0,91.0,130.0,77.0,135.0,135.0,99.0,99.0,99.0
Bishkek,396.0,,396.0,396.0,453.0,453.0,395.0,395.0,395.0,395.0,395.0
Bissau,,,,,,975.0,975.0,975.0,975.0,975.0,975.0
Blenheim,2068.0,Oceania,2068.0,2068.0,2068.0,2070.0,2070.0,2070.0,1804.0,1804.0,1804.0
Bloemfontein,710.0,Africa,710.0,710.0,,,,,,,
Blountville,,,,,,,,,,,879.0
Bodrum,370.0,Europe,227.0,227.0,368.0,224.0,270.0,270.0,258.0,258.0,178.0
Bodø,239.0,Europe,239.0,239.0,239.0,212.0,212.0,212.0,212.0,212.0,231.0
Bogotá,591.0,South America,579.0,576.0,736.0,576.0,608.0,608.0,583.0,583.0,574.0
Boise,5183.0,North America,5187.0,5187.0,5187.0,693.0,693.0,693.0,693.0,693.0,693.0
Bol,357.0,Europe,357.0,357.0,357.0,636.0,498.0,498.0,498.0,498.0,378.0
Bologna,78.0,Europe,30.0,30.0,118.0,54.0,85.0,85.0,68.0,68.0,30.0
Boracay,1000.0,Asia,1000.0,1000.0,1000.0,1000.0,1000.0,1000.0,1000.0,1000.0,1000.0
Bordeaux,176.0,Europe,62.0,62.0,62.0,62.0,62.0,62.0,62.0,62.0,62.0
Boston,263.0,North America,259.0,259.0,260.0,259.0,279.0,279.0,259.0,259.0,259.0
Bournemouth,,,,,,1096.0,1096.0,1096.0,1096.0,1096.0,1096.0
Bozeman,3090.0,North America,2913.0,2913.0,2913.0,566.0,566.0,566.0,566.0,566.0,2933.0
Brasilia,853.0,South America,853.0,853.0,809.0,759.0,759.0,759.0,817.0,817.0,817.0
Bratislava,219.0,Europe,217.0,127.0,208.0,167.0,221.0,221.0,221.0,221.0,170.0
Bratsk,566.0,Europe,566.0,566.0,566.0,566.0,,,,,
Brazzaville,1142.0,Africa,1142.0,1142.0,,867.0,867.0,867.0,867.0,867.0,1150.0
Bremen,225.0,Europe,149.0,149.0,900.0,127.0,301.0,301.0,152.0,152.0,152.0
Brest,280.0,Europe,449.0,449.0,281.0,272.0,272.0,272.0,272.0,272.0,272.0
Bridgetown,612.0,North America,541.0,541.0,542.0,536.0,552.0,552.0,552.0,552.0,552.0
Brindisi,30.0,Europe,27.0,27.0,43.0,30.0,30.0,30.0,30.0,30.0,30.0
Brisbane,906.0,Oceania,906.0,906.0,906.0,896.0,981.0,981.0,981.0,981.0,981.0
Bristol,115.0,Europe,115.0,115.0,996.0,88.0,166.0,166.0,118.0,118.0,67.0
Brno,18.0,Europe,18.0,18.0,18.0,18.0,174.0,174.0,174.0,174.0,23.0
Broome,,,2208.0,2208.0,2208.0,2208.0,2208.0,2208.0,2208.0,2208.0,2208.0
Brownsville,2937.0,North America,2929.0,2929.0,2929.0,2929.0,2929.0,2929.0,2937.0,2937.0,2929.0
Brunswick,,,,,,,,,,,1763.0
Brussels,44.0,Europe,29.0,29.0,75.0,26.0,29.0,29.0,29.0,29.0,29.0
Brønnøysund,555.0,Europe,555.0,555.0,555.0,555.0,,,,,
Bucaramanga,975.0,South America,975.0,975.0,,,,,,,
Bucharest,132.0,Europe,34.0,34.0,34.0,29.0,77.0,77.0,77.0,77.0,34.0
Budapest,23.0,Europe,21.0,21.0,23.0,23.0,27.0,25.0,26.0,26.0,23.0
Buenos Aires,711.0,South America,570.0,570.0,765.0,584.0,689.0,689.0,689.0,689.0,588.0
Buffalo,1501.0,North America,1502.0,974.0,936.0,936.0,936.0,936.0,936.0,936.0,936.0
Bujumbura,,,,,,1039.0,1039.0,1039.0,1039.0,1039.0,1039.0
Bukhara,688.0,,688.0,688.0,688.0,688.0,,,,,
Burbank,350.0,North America,317.0,317.0,2933.0,317.0,317.0,317.0,317.0,317.0,317.0
Burgas,933.0,Europe,337.0,337.0,259.0,259.0,259.0,259.0,259.0,259.0,505.0
Burgos,481.0,Europe,481.0,481.0,481.0,481.0,,,,,
Buri Ram,,,1559.0,1559.0,1559.0,1559.0,1559.0,1559.0,1559.0,1559.0,1559.0
Burlington,644.0,North America,644.0,644.0,644.0,644.0,,,,,
Burnie,,,,,,1588.0,1588.0,1588.0,1588.0,1588.0,1588.0
Busan,2517.0,Asia,835.0,835.0,835.0,588.0,587.0,587.0,587.0,587.0,587.0
Busuanga,952.0,Asia,952.0,952.0,952.0,952.0,952.0,952.0,952.0,952.0,952.0
Bydgoszcz,309.0,Europe,309.0,309.0,173.0,173.0,173.0,173.0,377.0,377.0,377.0
Béziers,485.0,Europe,600.0,600.0,600.0,366.0,301.0,301.0,301.0,301.0,225.0
Caen,534.0,Europe,534.0,534.0,534.0,224.0,530.0,530.0,317.0,317.0,317.0
Cagayan de Oro,839.0,Asia,839.0,839.0,839.0,839.0,839.0,839.0,839.0,839.0,839.0
Cagliari,176.0,Europe,130.0,130.0,85.0,81.0,130.0,130.0,64.0,64.0,64.0
Cairns,3457.0,Oceania,3460.0,3460.0,3460.0,1783.0,3458.0,3458.0,1431.0,1431.0,1431.0
Cairo,266.0,Africa,259.0,259.0,270.0,253.0,326.0,326.0,326.0,326.0,270.0
Cajamarca,,,,,,,,,1952.0,1952.0,1952.0
Calgary,447.0,North America,447.0,442.0,543.0,394.0,530.0,530.0,530.0,530.0,530.0
Cali,1625.0,South America,1130.0,1130.0,1469.0,727.0,899.0,899.0,899.0,899.0,899.0
Calvi,373.0,Europe,342.0,342.0,568.0,330.0,276.0,276.0,610.0,610.0,610.0
Camagüey,,,,,,,6155.0,6155.0,6155.0,6155.0,6155.0
Cambridge,2420.0,Europe,2420.0,2420.0,,,2432.0,2432.0,2432.0,2432.0,2432.0
Campo Grande,,,,,,859.0,859.0,859.0,859.0,859.0,859.0
Canberra,1229.0,Oceania,2258.0,2258.0,1156.0,1156.0,1156.0,1156.0,5399.0,5399.0,2258.0
Cancún,474.0,North America,474.0,474.0,532.0,392.0,488.0,488.0,488.0,488.0,454.0
Cape Town,517.0,Africa,517.0,517.0,523.0,474.0,578.0,578.0,537.0,537.0,537.0
Caracas,740.0,South America,590.0,590.0,740.0,724.0,537.0,537.0,537.0,537.0,537.0
Cardiff,166.0,Europe,160.0,160.0,160.0,162.0,157.0,157.0,157.0,157.0,157.0
Carlisle,273.0,Europe,273.0,273.0,,,,,,,
Carlsbad,521.0,Europe,521.0,521.0,521.0,521.0,,,,,
Cartagena,727.0,South America,2199.0,2199.0,2199.0,783.0,764.0,764.0,3031.0,3031.0,3031.0
Casablanca,199.0,Africa,166.0,166.0,261.0,169.0,338.0,338.0,171.0,171.0,171.0
Castlegar,620.0,North America,620.0,620.0,,,,,,,
Castletown,,,245.0,245.0,245.0,186.0,186.0,186.0,186.0,186.0,337.0
Castries,977.0,North America,977.0,977.0,977.0,609.0,725.0,725.0,725.0,725.0,725.0
Catania,43.0,Europe,36.0,36.0,36.0,36.0,75.0,75.0,58.0,58.0,58.0
Cayenne,1553.0,,1501.0,1501.0,1501.0,796.0,796.0,796.0,796.0,796.0,796.0
Cayo Coco,529.0,,605.0,605.0,605.0,605.0,605.0,605.0,593.0,593.0,593.0
Cebu City,491.0,Asia,478.0,478.0,544.0,491.0,544.0,544.0,544.0,544.0,544.0
Cedar Rapids,3119.0,North America,2863.0,2863.0,2863.0,2863.0,2863.0,2863.0,2863.0,2863.0,2863.0
Chambéry,,,325.0,325.0,325.0,325.0,325.0,325.0,325.0,325.0,325.0
Chandigarh,690.0,Asia,690.0,690.0,690.0,690.0,,,,,
Changchun,2182.0,Asia,2182.0,2182.0,2182.0,607.0,607.0,607.0,607.0,607.0,607.0
Changsha,537.0,Asia,540.0,540.0,540.0,2319.0,2319.0,2319.0,3557.0,3557.0,2319.0
Chania,279.0,Europe,184.0,184.0,202.0,202.0,281.0,281.0,234.0,234.0,234.0
Charleston,881.0,North America,587.0,587.0,505.0,763.0,763.0,763.0,607.0,607.0,607.0
Charlestown,,,,,,1327.0,1327.0,1327.0,1327.0,1327.0,1327.0
Charlotte,568.0,North America,537.0,537.0,457.0,457.0,429.0,429.0,429.0,429.0,429.0
Charlottesville,664.0,North America,664.0,664.0,2874.0,1881.0,2868.0,2868.0,2868.0,2868.0,1833.0
Charlottetown (Prince Edward Island),,,,,,1034.0,1034.0,1034.0,1034.0,1034.0,1034.0
Chattanooga,2868.0,North America,1044.0,1044.0,2868.0,602.0,2868.0,2868.0,2868.0,2868.0,2868.0
Cheboksary,289.0,Europe,289.0,289.0,289.0,289.0,289.0,289.0,289.0,289.0,289.0
Chelyabinsk,335.0,Europe,335.0,335.0,335.0,371.0,371.0,371.0,371.0,371.0,371.0
Chengdu,2511.0,Asia,465.0,465.0,465.0,465.0,496.0,496.0,496.0,496.0,496.0
Chennai,732.0,Asia,533.0,533.0,515.0,515.0,624.0,624.0,624.0,624.0,584.0
Chernovtsy,194.0,Europe,194.0,194.0,194.0,417.0,417.0,417.0,417.0,417.0,417.0
Chiang Mai,633.0,Asia,587.0,587.0,641.0,565.0,565.0,565.0,1396.0,1396.0,598.0
Chiang Rai,761.0,Asia,761.0,761.0,761.0,761.0,,,,,
Chicago,308.0,North America,308.0,308.0,311.0,311.0,321.0,321.0,320.0,320.0,288.0
Chiclayo,1385.0,South America,1385.0,1385.0,,,,,,,
Chihuahua,3765.0,North America,3765.0,3765.0,3768.0,3768.0,3768.0,3768.0,3768.0,3768.0,3768.0
Chios,342.0,Europe,342.0,342.0,342.0,407.0,407.0,407.0,407.0,407.0,407.0
Chisinau,113.0,Europe,113.0,113.0,118.0,117.0,120.0,120.0,120.0,120.0,120.0
Chongqing,2245.0,Asia,1259.0,1259.0,2245.0,465.0,2490.0,2490.0,2490.0,2490.0,474.0
Christchurch,1259.0,Oceania,1055.0,1055.0,1392.0,1016.0,1016.0,1016.0,1049.0,1049.0,1049.0
Cincinnati,2835.0,North America,822.0,822.0,2826.0,537.0,804.0,804.0,804.0,804.0,592.0
Ciudad Juárez,3837.0,North America,849.0,849.0,3840.0,1113.0,3840.0,3840.0,3840.0,3840.0,1113.0
Ciudad Obregón,,,1206.0,1206.0,1206.0,1206.0,1206.0,1206.0,1206.0,1206.0,1206.0
Ciudad de Guatemala,2424.0,North America,574.0,574.0,574.0,561.0,556.0,556.0,556.0,556.0,556.0
Clermont-Ferrand,430.0,Europe,430.0,430.0,430.0,181.0,181.0,181.0,282.0,282.0,282.0
Cleveland,652.0,North America,952.0,952.0,952.0,795.0,795.0,795.0,985.0,985.0,985.0
Cluj Napoca,118.0,Europe,60.0,60.0,57.0,57.0,327.0,236.0,236.0,236.0,69.0
Cockburn Town,1528.0,,1528.0,1528.0,,,,,,,
Coimbatore,1034.0,Asia,1034.0,1034.0,1034.0,905.0,1034.0,1034.0,1034.0,1034.0,1034.0
Colima,6449.0,North America,6449.0,6449.0,,,,,,,
Cologne,26.0,Europe,26.0,26.0,34.0,23.0,23.0,23.0,23.0,23.0,23.0
Colombo,530.0,Asia,530.0,526.0,548.0,506.0,597.0,597.0,566.0,566.0,553.0
Colorado Springs,1123.0,North America,1124.0,1124.0,1124.0,843.0,843.0,843.0,1261.0,1261.0,1029.0
Columbia,2878.0,North America,2878.0,2878.0,2876.0,2876.0,2876.0,2876.0,2876.0,2876.0,2876.0
Columbus,1849.0,North America,619.0,619.0,619.0,656.0,753.0,753.0,619.0,619.0,619.0
Comiso,172.0,Europe,228.0,228.0,228.0,74.0,856.0,856.0,856.0,856.0,52.0
Conakry,2270.0,Africa,2270.0,2270.0,2270.0,2270.0,2270.0,2270.0,2270.0,2270.0,805.0
Concepción,1501.0,South America,1501.0,1501.0,,1623.0,1623.0,1623.0,1623.0,1623.0,1623.0
Concord,702.0,North America,1151.0,1151.0,1151.0,1215.0,1215.0,1215.0,1215.0,1215.0,942.0
Constanţa,,,389.0,389.0,389.0,312.0,312.0,312.0,312.0,312.0,312.0
Coolangatta,4798.0,Oceania,890.0,890.0,4802.0,938.0,4802.0,4802.0,1207.0,1207.0,890.0
Copenhagen,37.0,Europe,35.0,35.0,56.0,35.0,42.0,37.0,37.0,37.0,37.0
Cordoba,677.0,South America,960.0,960.0,960.0,1387.0,856.0,856.0,856.0,856.0,856.0
Corfu,90.0,Europe,84.0,84.0,253.0,77.0,199.0,199.0,199.0,199.0,89.0
Cork,202.0,Europe,202.0,202.0,202.0,194.0,169.0,169.0,169.0,169.0,114.0
Corpus Christi,893.0,North America,893.0,893.0,893.0,1497.0,1497.0,1497.0,1497.0,1497.0,1497.0
Corvera,412.0,Europe,412.0,412.0,296.0,149.0,149.0,149.0,252.0,252.0,252.0
Corvo Island,,,,,,,,,783.0,783.0,783.0
Cotonou,609.0,Africa,610.0,610.0,610.0,610.0,602.0,602.0,602.0,602.0,602.0
Coxen Hole,,,,,998.0,870.0,870.0,870.0,870.0,870.0,870.0
Craiova,383.0,Europe,383.0,383.0,420.0,420.0,420.0,420.0,420.0,420.0,420.0
Crotone,180.0,Europe,180.0,180.0,304.0,304.0,493.0,493.0,120.0,120.0,120.0
Cuenca,880.0,South America,880.0,880.0,880.0,880.0,,,,,
Cuiabá,1350.0,South America,1260.0,1260.0,1260.0,972.0,972.0,972.0,972.0,972.0,972.0
Curitiba,799.0,South America,799.0,799.0,799.0,2030.0,2030.0,2030.0,986.0,986.0,854.0
Cusco,889.0,South America,889.0,889.0,784.0,839.0,828.0,828.0,828.0,828.0,765.0
Da Nang,857.0,Asia,1927.0,1927.0,1927.0,773.0,707.0,707.0,707.0,707.0,707.0
Dakar,360.0,Africa,361.0,361.0,437.0,361.0,361.0,361.0,361.0,361.0,491.0
Dakhla,345.0,,393.0,393.0,393.0,394.0,411.0,411.0,411.0,411.0,411.0
Dalaman,361.0,Europe,335.0,335.0,251.0,194.0,351.0,351.0,351.0,351.0,197.0
Dalat,782.0,Asia,782.0,782.0,782.0,782.0,,,,,
Dalian,1934.0,Asia,1934.0,1934.0,1934.0,1934.0,1934.0,1934.0,1934.0,1934.0,1934.0
Dallas,504.0,North America,472.0,472.0,466.0,443.0,419.0,419.0,419.0,419.0,419.0
Dammam,1089.0,Asia,1151.0,1151.0,401.0,401.0,401.0,401.0,401.0,401.0,992.0
Dar Es Salaam,505.0,Africa,505.0,505.0,2425.0,503.0,2425.0,2425.0,544.0,544.0,544.0
Darlington,2893.0,Europe,2893.0,2893.0,347.0,2893.0,598.0,598.0,2893.0,2893.0,2893.0
Darwin,4977.0,Oceania,1080.0,1080.0,4977.0,1040.0,1220.0,1220.0,1220.0,1220.0,1220.0
Davao City,768.0,Asia,951.0,951.0,909.0,909.0,909.0,909.0,803.0,803.0,803.0
Dayton,816.0,North America,816.0,758.0,758.0,2867.0,1098.0,1098.0,1098.0,1098.0,1098.0
Daytona Beach,405.0,North America,405.0,328.0,328.0,322.0,742.0,742.0,742.0,742.0,344.0
Dazhou,,,,,,577.0,577.0,577.0,577.0,577.0,577.0
Deadman's Cay,1062.0,North America,1062.0,1062.0,,,,,,,
Deauville,826.0,Europe,826.0,826.0,826.0,826.0,,,,,
Debrecen,355.0,Europe,355.0,355.0,355.0,355.0,475.0,475.0,176.0,176.0,176.0
Deer Lake,736.0,North America,736.0,736.0,,,,,,,
Denizli,213.0,Europe,213.0,213.0,,403.0,403.0,403.0,403.0,403.0,403.0
Denpasar,453.0,Asia,453.0,453.0,480.0,479.0,476.0,476.0,476.0,476.0,476.0
Denver,345.0,North America,339.0,339.0,358.0,361.0,367.0,367.0,367.0,367.0,357.0
Des Moines,817.0,North America,817.0,817.0,2867.0,1687.0,2867.0,2867.0,2867.0,2867.0,1687.0
Detroit,453.0,North America,453.0,453.0,2853.0,509.0,605.0,605.0,605.0,605.0,605.0
Devonport,,,,,,1412.0,1412.0,1412.0,1412.0,1412.0,1412.0
Dhaka,833.0,Asia,693.0,693.0,770.0,770.0,2939.0,2939.0,774.0,774.0,774.0
Dharamsala,,,,,,1001.0,1001.0,1001.0,1001.0,1001.0,1001.0
Dili,1363.0,,1363.0,1363.0,1363.0,1363.0,,,,,
Diyarbakır,496.0,Europe,496.0,496.0,496.0,303.0,496.0,496.0,317.0,317.0,317.0
Djibouti,1398.0,Africa,1052.0,1052.0,1052.0,759.0,759.0,759.0,759.0,759.0,797.0
Dnipro,244.0,Europe,244.0,244.0,244.0,228.0,230.0,228.0,228.0,228.0,228.0
Dodoma,,,,,,,,,,,876.0
Doha,453.0,Asia,453.0,453.0,450.0,379.0,532.0,532.0,362.0,362.0,362.0
Dole,,,340.0,340.0,340.0,340.0,340.0,340.0,340.0,340.0,340.0
Doncaster,167.0,Europe,167.0,167.0,167.0,167.0,,,,,
Dortmund,187.0,Europe,187.0,187.0,187.0,126.0,357.0,357.0,298.0,298.0,129.0
Dothan,,,,,,,,,,,1010.0
Douala,811.0,Africa,564.0,564.0,570.0,570.0,687.0,687.0,687.0,687.0,514.0
Dresden,3224.0,Europe,227.0,164.0,156.0,153.0,156.0,156.0,156.0,156.0,156.0
Dubai,227.0,Asia,219.0,219.0,224.0,183.0,210.0,210.0,210.0,210.0,210.0
Dubbo,2134.0,Oceania,2134.0,2134.0,,,,,,,
Dublin,40.0,Europe,40.0,40.0,52.0,37.0,45.0,45.0,45.0,45.0,43.0
Dubrovnik,141.0,Europe,132.0,132.0,282.0,143.0,202.0,202.0,202.0,202.0,85.0
Duluth,3201.0,North America,5192.0,2868.0,2868.0,2868.0,2868.0,2868.0,2868.0,2868.0,5192.0
Dumaguete City,,,1188.0,1188.0,1188.0,1188.0,1188.0,1188.0,1188.0,1188.0,1188.0
Dundee,,,2677.0,2677.0,2677.0,2677.0,2677.0,2677.0,2677.0,2677.0,2677.0
Dunedin,,,1832.0,,,1834.0,,,1834.0,,
Durban,2274.0,Africa,966.0,966.0,2277.0,613.0,2277.0,2277.0,2277.0,2277.0,2277.0
Dushanbe,801.0,,670.0,670.0,670.0,563.0,563.0,563.0,563.0,563.0,786.0
Dzaoudzi,,,3278.0,3278.0,3278.0,3278.0,3278.0,3278.0,3278.0,3278.0,3278.0
Düsseldorf,44.0,Europe,38.0,38.0,61.0,46.0,58.0,58.0,58.0,58.0,56.0
East London,954.0,Africa,954.0,954.0,954.0,720.0,720.0,720.0,720.0,720.0,720.0
Edinburgh,32.0,Europe,32.0,32.0,29.0,29.0,39.0,39.0,29.0,29.0,29.0
Edmonton,639.0,North America,2506.0,2506.0,2506.0,611.0,878.0,878.0,631.0,631.0,631.0
Edremit (Balikesir),291.0,Europe,623.0,623.0,336.0,275.0,275.0,275.0,275.0,275.0,283.0
Eilat,45.0,Asia,45.0,45.0,45.0,45.0,40.0,40.0,40.0,40.0,40.0
Eindhoven,88.0,Europe,143.0,143.0,143.0,155.0,155.0,155.0,331.0,331.0,331.0
El Calafate,,,1031.0,,,1031.0,,,1031.0,,
El Paso,802.0,North America,802.0,802.0,1091.0,737.0,1091.0,1091.0,1091.0,1091.0,1091.0
Elazığ,260.0,Europe,341.0,341.0,341.0,336.0,336.0,336.0,336.0,336.0,336.0
Enfidha,468.0,Africa,294.0,294.0,294.0,482.0,482.0,482.0,520.0,520.0,520.0
Entebbe,488.0,Africa,488.0,488.0,488.0,488.0,913.0,913.0,913.0,913.0,597.0
Enugu,,,,,,1139.0,1139.0,1139.0,1139.0,1139.0,1139.0
Erbil,501.0,Asia,479.0,479.0,535.0,389.0,6371.0,6371.0,534.0,534.0,503.0
Erfurt,512.0,Europe,512.0,512.0,512.0,512.0,,,,,
Ermoupoli,,,448.0,448.0,448.0,866.0,866.0,866.0,866.0,866.0,866.0
Errachidia,,,,,,289.0,289.0,289.0,289.0,289.0,289.0
Erzincan,352.0,Europe,352.0,352.0,494.0,375.0,375.0,375.0,558.0,558.0,527.0
Erzurum,310.0,Europe,310.0,310.0,310.0,417.0,417.0,417.0,417.0,417.0,417.0
Esbjerg,1020.0,Europe,1020.0,1020.0,1020.0,1020.0,,,,,
Espargos,407.0,Africa,407.0,407.0,434.0,395.0,395.0,395.0,408.0,408.0,408.0
Essaouira,,,773.0,773.0,327.0,556.0,556.0,556.0,556.0,556.0,556.0
Eugene,1182.0,North America,1182.0,1182.0,1182.0,1182.0,1187.0,1187.0,1187.0,1187.0,1187.0
Evenes,277.0,Europe,277.0,277.0,277.0,215.0,215.0,215.0,215.0,215.0,215.0
Everett,1501.0,North America,546.0,546.0,546.0,830.0,830.0,830.0,830.0,830.0,830.0
Exeter,448.0,Europe,448.0,448.0,214.0,189.0,189.0,189.0,189.0,189.0,189.0
Fairbanks,1279.0,North America,1279.0,1279.0,1279.0,925.0,925.0,925.0,925.0,925.0,5392.0
Faisalābād,1015.0,Asia,1016.0,1016.0,1016.0,1016.0,970.0,970.0,970.0,970.0,970.0
Fargo,931.0,North America,931.0,931.0,931.0,2913.0,2913.0,2913.0,2913.0,2913.0,2912.0
Faro,32.0,Europe,40.0,38.0,36.0,29.0,47.0,47.0,47.0,47.0,45.0
Fayetteville,644.0,North America,644.0,644.0,644.0,644.0,2868.0,2868.0,1090.0,1090.0,1090.0
Fergana,609.0,,609.0,609.0,,,,,,,
Fernando de Noronha,1114.0,South America,1114.0,1114.0,1114.0,1301.0,1301.0,1301.0,1301.0,1301.0,1301.0
Fez,166.0,Africa,166.0,166.0,166.0,249.0,221.0,221.0,221.0,221.0,128.0
Figari,340.0,Europe,340.0,340.0,415.0,258.0,258.0,258.0,258.0,258.0,258.0
Flagstaff,,,,,,1188.0,1188.0,1188.0,1188.0,1188.0,1188.0
Flint,4374.0,North America,2868.0,2868.0,2868.0,1287.0,1287.0,1287.0,1287.0,1287.0,2868.0
Florence,136.0,Europe,116.0,116.0,240.0,111.0,179.0,179.0,103.0,103.0,103.0
Florianopolis,1041.0,South America,1021.0,1021.0,1021.0,762.0,762.0,762.0,762.0,762.0,762.0
Fort Lauderdale,512.0,North America,477.0,469.0,525.0,506.0,525.0,525.0,525.0,525.0,482.0
Fort Myers,358.0,North America,335.0,335.0,579.0,356.0,837.0,837.0,390.0,390.0,390.0
Fort Smith,3133.0,North America,1577.0,1577.0,3133.0,1577.0,3133.0,3133.0,3133.0,3133.0,3133.0
Fort Wayne,3119.0,North America,2867.0,2867.0,2867.0,2867.0,2867.0,2867.0,2867.0,2867.0,2867.0
Fort-de-France,442.0,,622.0,622.0,1710.0,458.0,458.0,458.0,413.0,413.0,458.0
Fortaleza,773.0,South America,672.0,672.0,945.0,510.0,619.0,619.0,619.0,619.0,619.0
Foz do Iguaçu,859.0,South America,859.0,859.0,859.0,1037.0,1037.0,1037.0,1037.0,1037.0,1436.0
Francistown,1258.0,Africa,1258.0,1258.0,,,,,,,
Frankfurt am Main,76.0,Europe,56.0,56.0,60.0,60.0,68.0,68.0,68.0,68.0,66.0
Freeport,801.0,North America,801.0,801.0,,1265.0,799.0,799.0,799.0,799.0,799.0
Freetown,686.0,Africa,686.0,686.0,686.0,686.0,,,,,2415.0
Fresno,626.0,North America,626.0,626.0,,,,,,,
Friedrichshafen,341.0,Europe,417.0,417.0,475.0,351.0,351.0,351.0,417.0,417.0,417.0
Fukuoka,827.0,Asia,822.0,565.0,565.0,758.0,758.0,758.0,758.0,758.0,758.0
Funafuti,,,,,,3330.0,3330.0,3330.0,3330.0,3330.0,3330.0
Funchal,179.0,Europe,166.0,142.0,178.0,142.0,156.0,156.0,156.0,156.0,156.0
Gaborone,861.0,Africa,1116.0,1116.0,1116.0,713.0,713.0,713.0,713.0,713.0,713.0
Gainesville,,,,,,,,,,,602.0
Gander,857.0,North America,857.0,857.0,,,,,,,
Garden City,,,,,,880.0,880.0,880.0,880.0,880.0,880.0
Gaziantep,319.0,Europe,274.0,274.0,253.0,226.0,258.0,258.0,258.0,258.0,258.0
Gazipaşa,411.0,Europe,392.0,392.0,364.0,218.0,331.0,331.0,331.0,331.0,243.0
Gdansk,46.0,Europe,46.0,46.0,136.0,43.0,46.0,46.0,46.0,46.0,46.0
General Santos,,,1201.0,1201.0,1201.0,1201.0,1201.0,1201.0,1201.0,1201.0,1201.0
Geneva,155.0,Europe,68.0,68.0,211.0,61.0,250.0,179.0,62.0,62.0,62.0
Genoa,93.0,Europe,93.0,93.0,94.0,96.0,96.0,96.0,96.0,96.0,96.0
George,687.0,Africa,687.0,687.0,687.0,753.0,753.0,753.0,753.0,753.0,578.0
George Town,670.0,Asia,546.0,546.0,546.0,544.0,558.0,558.0,558.0,558.0,558.0
Georgetown,1740.0,South America,853.0,853.0,853.0,853.0,853.0,853.0,853.0,853.0,853.0
Gibraltar,342.0,,342.0,342.0,344.0,234.0,343.0,343.0,343.0,343.0,351.0
Girona,293.0,Europe,77.0,77.0,223.0,223.0,207.0,207.0,194.0,194.0,152.0
Glasgow,93.0,Europe,66.0,66.0,101.0,59.0,65.0,65.0,65.0,65.0,65.0
Goiânia,,,,,,861.0,861.0,861.0,861.0,861.0,861.0
Gorontalo,1266.0,Asia,1266.0,1266.0,1266.0,1266.0,,,,,
Gothenburg,203.0,Europe,59.0,59.0,207.0,57.0,57.0,164.0,63.0,63.0,60.0
Granada,62.0,Europe,62.0,62.0,63.0,63.0,62.0,62.0,62.0,62.0,62.0
Granadilla,107.0,Europe,104.0,104.0,173.0,110.0,128.0,128.0,128.0,128.0,128.0
Grand Canyon Village,,,,,,6426.0,6426.0,6426.0,6426.0,6426.0,6426.0
Grand Forks,1983.0,North America,3279.0,3279.0,3279.0,3279.0,3279.0,3279.0,3279.0,3279.0,3279.0
Grand Junction,,,,,,,,,,,2725.0
Grand Rapids,893.0,North America,2855.0,2855.0,903.0,903.0,903.0,903.0,1293.0,1293.0,1293.0
Grand'Anse Praslin,822.0,Africa,822.0,822.0,1854.0,1200.0,1200.0,1200.0,1200.0,1200.0,890.0
Graz,176.0,Europe,93.0,93.0,182.0,167.0,158.0,158.0,121.0,121.0,71.0
Green Bay,1159.0,North America,1159.0,611.0,611.0,1159.0,1159.0,1159.0,1159.0,1159.0,1159.0
Greensboro,1034.0,North America,1036.0,1036.0,1036.0,875.0,875.0,875.0,875.0,875.0,958.0
Greenville,686.0,North America,788.0,788.0,788.0,1050.0,1050.0,1050.0,1050.0,1050.0,1050.0
Grimsby,2414.0,Europe,2414.0,2414.0,,,,,,,
Groningen,,,,,,761.0,761.0,761.0,761.0,761.0,761.0
Guadalajara,633.0,North America,633.0,633.0,4637.0,656.0,4637.0,4637.0,656.0,656.0,656.0
Guangzhou,490.0,Asia,465.0,465.0,501.0,465.0,2278.0,2278.0,779.0,779.0,481.0
Guayaquil,702.0,South America,660.0,660.0,660.0,651.0,588.0,588.0,588.0,588.0,588.0
Guilin,,,,,,527.0,527.0,527.0,527.0,527.0,527.0
Guiyang,2355.0,Asia,1471.0,1471.0,2358.0,1471.0,2810.0,2810.0,2810.0,2810.0,1471.0
Gulfport,882.0,North America,882.0,882.0,882.0,882.0,,,,,
Haikou,622.0,Asia,622.0,622.0,622.0,698.0,534.0,534.0,534.0,534.0,534.0
Hailey,1148.0,North America,1148.0,1148.0,,,,,,,
Haiphong,3247.0,Asia,3086.0,3086.0,3086.0,3086.0,3086.0,3086.0,3247.0,3247.0,3247.0
Halifax,552.0,North America,552.0,552.0,614.0,537.0,742.0,742.0,543.0,543.0,543.0
Halmstad,457.0,Europe,457.0,457.0,,,,,,,
Hambantota,1262.0,Asia,1262.0,1262.0,1262.0,1342.0,1342.0,1342.0,1342.0,1342.0,1342.0
Hamburg,171.0,Europe,171.0,154.0,172.0,172.0,345.0,345.0,111.0,111.0,111.0
Hamilton,653.0,,653.0,653.0,653.0,653.0,1908.0,1908.0,1908.0,1908.0,1908.0
Hammerfest,,,,,,,652.0,652.0,652.0,652.0,652.0
Hanga Roa,1757.0,South America,1757.0,1757.0,1757.0,1757.0,1757.0,1757.0,1757.0,1757.0,2159.0
Hangzhou,505.0,Asia,505.0,505.0,505.0,519.0,519.0,519.0,636.0,636.0,636.0
Hannover,3042.0,Europe,197.0,197.0,197.0,316.0,296.0,296.0,296.0,296.0,296.0
Hanoi,521.0,Asia,521.0,521.0,540.0,449.0,537.0,537.0,537.0,537.0,537.0
Harare,571.0,Africa,2753.0,877.0,571.0,571.0,571.0,571.0,571.0,571.0,571.0
Hargeisa,1689.0,Africa,1690.0,1690.0,1690.0,1690.0,1690.0,1690.0,1690.0,1690.0,1690.0
Harrisburg,875.0,North America,875.0,875.0,875.0,875.0,875.0,875.0,875.0,875.0,875.0
Hartford,816.0,North America,816.0,816.0,816.0,941.0,769.0,769.0,769.0,769.0,769.0
Hat Yai,428.0,Asia,418.0,418.0,418.0,430.0,430.0,430.0,721.0,721.0,528.0
Haugesund,379.0,Europe,342.0,342.0,342.0,184.0,184.0,184.0,184.0,184.0,184.0
Havana,537.0,,537.0,534.0,535.0,533.0,537.0,537.0,537.0,537.0,531.0
Hays,,,,,,1031.0,1031.0,1031.0,1031.0,1031.0,1031.0
Helena,1239.0,North America,1244.0,1244.0,1244.0,1244.0,1244.0,1244.0,1244.0,1244.0,1383.0
Helsinki,69.0,Europe,65.0,65.0,75.0,66.0,66.0,66.0,65.0,65.0,58.0
Heraklion,161.0,Europe,143.0,143.0,212.0,138.0,183.0,183.0,183.0,183.0,130.0
Hermosillo,,,,,,,710.0,710.0,710.0,710.0,710.0
Hilo,1185.0,North America,4756.0,1098.0,1041.0,1054.0,1037.0,1037.0,1037.0,1037.0,4756.0
Hilton Head Island,,,,,,854.0,854.0,854.0,854.0,854.0,854.0
Hiroshima,,,,,,,,,,,669.0
Ho Chi Minh City,536.0,Asia,478.0,477.0,602.0,513.0,494.0,494.0,494.0,494.0,494.0
Hobart,1310.0,Oceania,1311.0,1311.0,1311.0,1230.0,1230.0,1230.0,1230.0,1230.0,1230.0
Holguín,625.0,,625.0,625.0,625.0,729.0,786.0,786.0,786.0,786.0,786.0
Holyhead,,,490.0,490.0,490.0,490.0,490.0,490.0,490.0,490.0,490.0
Hong Kong,446.0,,446.0,446.0,482.0,444.0,452.0,452.0,452.0,452.0,452.0
Honiara,,,,,,2313.0,2313.0,2313.0,2313.0,2313.0,2313.0
Honningsvåg,545.0,Europe,545.0,545.0,,,,,693.0,693.0,693.0
Honolulu,711.0,North America,711.0,711.0,855.0,733.0,734.0,734.0,734.0,734.0,598.0
Horta,438.0,Europe,438.0,438.0,320.0,315.0,315.0,315.0,315.0,315.0,658.0
Houmt Souk,196.0,Africa,162.0,162.0,162.0,162.0,413.0,413.0,335.0,335.0,322.0
Houston,419.0,North America,416.0,416.0,590.0,390.0,483.0,483.0,483.0,483.0,405.0
Hua Hin,1345.0,Asia,1345.0,1345.0,,821.0,821.0,821.0,821.0,821.0,821.0
Hualien City,1011.0,,1011.0,1011.0,995.0,995.0,995.0,995.0,995.0,995.0,995.0
Huizhou,1136.0,Asia,1136.0,1136.0,1136.0,1136.0,,,,,
Huntsville,619.0,North America,619.0,619.0,1137.0,721.0,1175.0,1175.0,1175.0,1175.0,1175.0
Hurghada,225.0,Africa,174.0,174.0,124.0,122.0,317.0,317.0,174.0,174.0,174.0
Huế,809.0,Asia,809.0,809.0,809.0,809.0,,,,,
Hyderabad,879.0,Asia,782.0,782.0,880.0,718.0,880.0,880.0,742.0,742.0,742.0
Iaşi,176.0,Europe,176.0,176.0,176.0,179.0,179.0,179.0,215.0,215.0,176.0
Ibagué,1087.0,South America,1169.0,1169.0,1169.0,2134.0,2134.0,2134.0,2134.0,2134.0,2134.0
Ibiza,138.0,Europe,79.0,79.0,82.0,79.0,95.0,95.0,95.0,95.0,95.0
Idaho Falls,,,,,626.0,626.0,626.0,626.0,626.0,626.0,626.0
Ilhéus,,,,,,1514.0,1514.0,1514.0,1514.0,1514.0,1514.0
Indianapolis,2828.0,North America,2828.0,2828.0,2828.0,2828.0,2828.0,2828.0,2833.0,2833.0,2833.0
Indore,861.0,Asia,861.0,861.0,861.0,861.0,,,,,
Inhambane,,,1378.0,1378.0,1378.0,1378.0,1378.0,1378.0,1378.0,1378.0,1378.0
Innsbruck,50.0,Europe,46.0,46.0,54.0,46.0,46.0,46.0,46.0,46.0,46.0
Inverness,161.0,Europe,159.0,159.0,170.0,158.0,158.0,158.0,158.0,158.0,155.0
Ioánnina,,,,,,956.0,757.0,757.0,757.0,757.0,757.0
Iquitos,1564.0,South America,1564.0,1564.0,1564.0,1391.0,1391.0,1391.0,1201.0,1201.0,1083.0
Irkutsk,414.0,Europe,525.0,525.0,525.0,357.0,357.0,357.0,357.0,357.0,370.0
Isfahan,444.0,Asia,444.0,444.0,444.0,444.0,,,,,472.0
Islamabad,631.0,Asia,631.0,631.0,1090.0,628.0,653.0,653.0,653.0,653.0,647.0
Isle of Islay,510.0,Europe,510.0,510.0,,,,,,,
Islip,659.0,North America,615.0,615.0,621.0,615.0,757.0,757.0,615.0,615.0,615.0
Istanbul,126.0,Europe,122.0,122.0,109.0,109.0,109.0,109.0,109.0,109.0,109.0
Ithaca,841.0,North America,841.0,841.0,,977.0,977.0,977.0,977.0,977.0,977.0
Ivalo,284.0,Europe,254.0,239.0,239.0,239.0,239.0,239.0,251.0,251.0,251.0
Ivano-Frankivs’k,,,523.0,523.0,523.0,193.0,193.0,193.0,193.0,193.0,193.0
Ivanovo,420.0,Europe,420.0,420.0,,,,,,,
Ixtapa,1903.0,North America,1903.0,1903.0,1904.0,1904.0,1904.0,1904.0,1904.0,1904.0,1904.0
Izhevsk,,,,,,,,,,,321.0
Izmir,233.0,Europe,150.0,150.0,179.0,148.0,190.0,190.0,171.0,171.0,163.0
Iğdır,280.0,Europe,280.0,280.0,,,,,,,
Jackson,802.0,North America,802.0,802.0,802.0,802.0,1074.0,1074.0,1074.0,1074.0,1074.0
Jacksonville,361.0,North America,361.0,361.0,361.0,361.0,361.0,361.0,361.0,361.0,322.0
Jaipur,1708.0,Asia,1710.0,1710.0,1710.0,1710.0,1710.0,1710.0,1710.0,1710.0,648.0
Jakarta,554.0,Asia,505.0,505.0,581.0,560.0,707.0,707.0,621.0,621.0,589.0
Jeddah,395.0,Asia,330.0,330.0,388.0,388.0,366.0,366.0,366.0,366.0,315.0
Jeju City,1645.0,Asia,717.0,717.0,717.0,1648.0,1648.0,1648.0,1648.0,1648.0,1648.0
Jerez de la Frontera,254.0,Europe,161.0,161.0,256.0,115.0,231.0,231.0,135.0,135.0,135.0
Jinan,2834.0,Asia,2834.0,2834.0,2834.0,2834.0,2834.0,2834.0,2834.0,2834.0,2834.0
Jodhpur,,,,,,,,,,,799.0
Joensuu,,,244.0,244.0,244.0,213.0,213.0,213.0,213.0,213.0,213.0
Johannesburg,458.0,Africa,457.0,457.0,528.0,456.0,473.0,473.0,473.0,473.0,463.0
Johor Bahru,1353.0,Asia,786.0,786.0,786.0,726.0,850.0,850.0,850.0,850.0,850.0
João Pessoa,1653.0,South America,1653.0,1653.0,1653.0,1653.0,,,,,
Juba,959.0,Africa,959.0,959.0,,861.0,861.0,861.0,861.0,861.0,861.0
Juneau,1213.0,North America,1213.0,1213.0,1213.0,813.0,813.0,813.0,813.0,813.0,813.0
Jyväskylä,,,,,,,382.0,382.0,382.0,382.0,382.0
Kabul,803.0,,746.0,746.0,746.0,797.0,797.0,797.0,797.0,797.0,797.0
Kagoshima,,,,,,569.0,569.0,569.0,569.0,569.0,569.0
Kahramanmaraş,,,,,,,253.0,253.0,253.0,253.0,253.0
Kahului,890.0,North America,890.0,890.0,700.0,700.0,1085.0,1085.0,1085.0,1085.0,700.0
Kailua-Kona,1326.0,North America,962.0,700.0,1142.0,736.0,731.0,731.0,731.0,731.0,731.0
Kalamata,232.0,Europe,232.0,232.0,231.0,231.0,231.0,231.0,231.0,231.0,231.0
Kalibo,,,1315.0,947.0,947.0,947.0,947.0,947.0,947.0,947.0,947.0
Kaliningrad,178.0,Europe,148.0,148.0,148.0,177.0,177.0,177.0,257.0,257.0,160.0
Kalispell,1199.0,North America,1199.0,1199.0,1199.0,1199.0,1199.0,1199.0,1199.0,1199.0,1199.0
Kandy,,,1867.0,1867.0,1867.0,1867.0,1867.0,1867.0,1867.0,1867.0,1867.0
Kangerlussuaq,1364.0,,1518.0,1518.0,1518.0,1872.0,1872.0,1872.0,1872.0,1872.0,1872.0
Kansas City,2864.0,North America,609.0,609.0,2855.0,634.0,1056.0,1056.0,1056.0,1056.0,616.0
Kaohsiung,584.0,,675.0,652.0,652.0,652.0,652.0,652.0,652.0,652.0,652.0
Kapalua,1349.0,North America,1349.0,1349.0,1224.0,1224.0,1224.0,1224.0,1224.0,1224.0,1224.0
Karachi,645.0,Asia,645.0,645.0,704.0,713.0,713.0,713.0,713.0,713.0,772.0
Karaganda,,,505.0,505.0,505.0,478.0,506.0,506.0,506.0,506.0,505.0
Karlsruhe,126.0,Europe,88.0,88.0,133.0,109.0,146.0,146.0,121.0,121.0,121.0
Karpathos,602.0,Europe,602.0,602.0,,487.0,487.0,487.0,487.0,487.0,563.0
Karup,275.0,Europe,275.0,275.0,,301.0,301.0,301.0,301.0,301.0,301.0
Kasane,1065.0,Africa,1065.0,1065.0,,,,,,,
Kassel,882.0,Europe,882.0,882.0,,,,,,,
Kathmandu,612.0,Asia,612.0,611.0,623.0,617.0,623.0,623.0,612.0,612.0,612.0
Katowice,141.0,Europe,146.0,146.0,146.0,168.0,158.0,158.0,158.0,158.0,123.0
Kaunas,245.0,Europe,245.0,245.0,245.0,165.0,163.0,163.0,163.0,163.0,163.0
Kavála,196.0,Europe,196.0,196.0,196.0,255.0,255.0,255.0,255.0,255.0,255.0
Kayseri,230.0,Europe,230.0,230.0,381.0,265.0,247.0,247.0,247.0,247.0,247.0
Kazan,245.0,Europe,245.0,245.0,245.0,311.0,311.0,311.0,311.0,311.0,248.0
Kelowna,1967.0,North America,1305.0,1305.0,1305.0,679.0,1967.0,1967.0,1967.0,1967.0,1013.0
Kemi,220.0,Europe,220.0,220.0,220.0,231.0,231.0,231.0,231.0,231.0,231.0
Ketchikan,1235.0,North America,1235.0,1235.0,1235.0,813.0,813.0,813.0,813.0,813.0,813.0
Key West,609.0,North America,609.0,609.0,401.0,738.0,738.0,738.0,738.0,738.0,875.0
Khabarovsk,494.0,Europe,494.0,494.0,494.0,553.0,553.0,553.0,553.0,553.0,553.0
Khanty-Mansiysk,357.0,Europe,357.0,357.0,357.0,357.0,357.0,357.0,357.0,357.0,357.0
Kharkiv,174.0,Europe,207.0,207.0,338.0,189.0,231.0,231.0,229.0,229.0,229.0
Khartoum,507.0,Africa,510.0,510.0,546.0,496.0,496.0,496.0,507.0,507.0,507.0
Kherson,351.0,Europe,358.0,358.0,358.0,270.0,270.0,270.0,270.0,270.0,270.0
Khon Kaen,,,802.0,802.0,802.0,802.0,802.0,802.0,802.0,802.0,802.0
Khujand,608.0,,608.0,608.0,,,,,,,
Kiev,68.0,Europe,68.0,52.0,62.0,47.0,55.0,55.0,55.0,55.0,56.0
Kigali,532.0,Africa,532.0,532.0,532.0,593.0,593.0,593.0,593.0,593.0,2596.0
Killeen,2927.0,North America,1577.0,1577.0,737.0,737.0,2927.0,2927.0,2927.0,2927.0,2927.0
Kingscote,,,,,,2319.0,2319.0,2319.0,2319.0,2319.0,2319.0
Kingston,749.0,North America,749.0,749.0,927.0,645.0,645.0,645.0,786.0,786.0,786.0
Kingstown,,,,,1360.0,1360.0,1360.0,1360.0,1360.0,1360.0,1360.0
Kinshasa,2627.0,Africa,2627.0,2627.0,796.0,1043.0,1043.0,1043.0,792.0,792.0,792.0
Kirkenes,212.0,Europe,212.0,212.0,,,,,,,
Kirovsk,,,,,,,,,520.0,520.0,520.0
Kiruna,184.0,Europe,180.0,180.0,180.0,180.0,180.0,162.0,162.0,162.0,162.0
Kisumu,,,,,,,,,,,795.0
Kitakyushu,,,,932.0,932.0,1037.0,1037.0,1037.0,1037.0,1037.0,1037.0
Kittilä,292.0,Europe,254.0,254.0,334.0,263.0,263.0,263.0,263.0,263.0,291.0
Klagenfurt,156.0,Europe,156.0,156.0,231.0,231.0,231.0,231.0,321.0,321.0,273.0
Knock,137.0,Europe,137.0,137.0,137.0,260.0,260.0,260.0,425.0,425.0,425.0
Knoxville,1895.0,North America,1895.0,1895.0,,,828.0,828.0,828.0,828.0,739.0
Ko Samui,748.0,Asia,740.0,740.0,740.0,740.0,745.0,745.0,742.0,742.0,741.0
Kochi,722.0,Asia,722.0,722.0,638.0,611.0,638.0,638.0,638.0,638.0,597.0
Kolkata,770.0,Asia,770.0,770.0,770.0,687.0,687.0,687.0,709.0,709.0,709.0
Konya,323.0,Europe,410.0,410.0,323.0,254.0,254.0,254.0,254.0,254.0,254.0
Koror,1057.0,Oceania,1193.0,1193.0,995.0,1344.0,1344.0,1344.0,1202.0,1202.0,1202.0
Kos,230.0,Europe,134.0,134.0,239.0,199.0,331.0,331.0,176.0,176.0,174.0
Kostanai,422.0,Europe,422.0,422.0,422.0,422.0,,,,,
Kota Bharu,,,,,,846.0,846.0,846.0,846.0,846.0,846.0
Kota Kinabalu,445.0,Asia,995.0,995.0,844.0,447.0,447.0,447.0,386.0,386.0,386.0
Kozhikode,643.0,Asia,643.0,643.0,643.0,643.0,621.0,621.0,621.0,621.0,613.0
Košice,334.0,Europe,247.0,247.0,245.0,245.0,245.0,245.0,279.0,279.0,279.0
Krabi,494.0,Asia,494.0,488.0,605.0,422.0,572.0,572.0,562.0,562.0,437.0
Krakow,23.0,Europe,21.0,21.0,23.0,23.0,23.0,23.0,23.0,23.0,23.0
Kralendijk,651.0,,651.0,651.0,651.0,666.0,668.0,668.0,668.0,668.0,668.0
Krasnodar,186.0,Europe,266.0,266.0,187.0,187.0,187.0,187.0,187.0,187.0,307.0
Krasnoyarsk,340.0,Europe,340.0,340.0,340.0,415.0,342.0,342.0,342.0,342.0,342.0
Kristiansand,345.0,Europe,286.0,286.0,276.0,276.0,276.0,276.0,276.0,276.0,276.0
Kristianstad,564.0,Europe,564.0,571.0,571.0,571.0,571.0,571.0,571.0,571.0,571.0
Kristiansund,,,,,,526.0,526.0,526.0,526.0,526.0,526.0
Krong Preah Sihanouk,,,,,1013.0,988.0,988.0,988.0,988.0,988.0,988.0
Kuah,513.0,Asia,513.0,513.0,469.0,770.0,931.0,931.0,931.0,931.0,931.0
Kuala Lumpur,478.0,Asia,478.0,478.0,478.0,432.0,478.0,478.0,478.0,478.0,440.0
Kuala Terengganu,,,,,,820.0,820.0,820.0,820.0,820.0,820.0
Kuantan,2396.0,Asia,2326.0,2326.0,2398.0,820.0,2398.0,2398.0,2398.0,2398.0,2326.0
Kuching,809.0,Asia,809.0,809.0,809.0,570.0,570.0,570.0,570.0,570.0,570.0
Kulusuk,1102.0,,1102.0,1102.0,1102.0,1102.0,,,,,
Kumamoto,,,,612.0,612.0,852.0,852.0,852.0,852.0,852.0,852.0
Kunming,2058.0,Asia,2058.0,2058.0,3188.0,2058.0,2471.0,2471.0,2471.0,2471.0,597.0
Kuopio,,,342.0,342.0,342.0,342.0,342.0,342.0,342.0,342.0,342.0
Kurgan,389.0,Europe,389.0,389.0,389.0,389.0,,,,,
Kutaisi,164.0,Europe,151.0,151.0,303.0,123.0,123.0,123.0,123.0,123.0,123.0
Kuwait City,440.0,Asia,300.0,300.0,1163.0,430.0,372.0,372.0,372.0,372.0,372.0
Kálymnos,720.0,North America,720.0,720.0,,,,,749.0,749.0,749.0
La Coruña,189.0,Europe,244.0,244.0,244.0,145.0,325.0,325.0,325.0,325.0,306.0
La Paz,962.0,South America,1021.0,1021.0,1013.0,959.0,888.0,888.0,1643.0,1643.0,1025.0
La Rochelle,483.0,Europe,483.0,483.0,483.0,164.0,164.0,164.0,164.0,164.0,164.0
La Romana,1127.0,North America,1187.0,1187.0,1187.0,1199.0,1175.0,1175.0,1175.0,1175.0,1175.0
La Serena,1344.0,South America,1344.0,1344.0,1344.0,917.0,917.0,917.0,917.0,917.0,917.0
Labasa,2390.0,Oceania,2390.0,2390.0,2390.0,2390.0,,,,,
Labuan,,,,,,,,,1047.0,1047.0,1047.0
Labuan Bajo,860.0,Asia,860.0,860.0,,,,,,,
Lafayette,836.0,North America,836.0,836.0,836.0,5373.0,5373.0,5373.0,5373.0,5373.0,1057.0
Lagos,502.0,Africa,502.0,502.0,714.0,427.0,646.0,646.0,516.0,516.0,516.0
Lahore,754.0,Asia,682.0,682.0,754.0,664.0,824.0,824.0,630.0,630.0,630.0
Lajes,388.0,Europe,273.0,273.0,273.0,201.0,181.0,181.0,181.0,181.0,520.0
Lalībela,779.0,Africa,779.0,779.0,779.0,779.0,,,,,
Lamezia Terme,136.0,Europe,80.0,80.0,324.0,114.0,223.0,223.0,76.0,76.0,76.0
Lampang,774.0,Asia,774.0,774.0,774.0,774.0,,,,,
Lampedusa,314.0,Europe,314.0,314.0,365.0,334.0,692.0,692.0,692.0,692.0,542.0
Lamu,1306.0,Africa,1306.0,1306.0,1306.0,1062.0,1062.0,1062.0,1062.0,1062.0,1062.0
Lancaster,1153.0,North America,1154.0,1154.0,1154.0,1154.0,1154.0,1154.0,1154.0,1154.0,1154.0
Lansing,2044.0,North America,2046.0,2046.0,2046.0,2046.0,2046.0,2046.0,1687.0,1687.0,1687.0
Laoag,,,1189.0,1189.0,1189.0,1189.0,1189.0,1189.0,1189.0,1189.0,1189.0
Lappeenranta,42.0,Europe,73.0,73.0,71.0,37.0,37.0,37.0,37.0,37.0,104.0
Laredo,,,,,,,,,,,2540.0
Larnaca,161.0,Europe,93.0,93.0,116.0,106.0,156.0,156.0,156.0,156.0,69.0
Las Palmas de Gran Canaria,74.0,Europe,75.0,66.0,127.0,72.0,112.0,112.0,98.0,98.0,90.0
Las Vegas,478.0,North America,312.0,312.0,452.0,429.0,506.0,506.0,484.0,484.0,478.0
Launceston,,,,,,1331.0,1331.0,1331.0,1331.0,1331.0,1331.0
Learmonth,1543.0,Oceania,1543.0,1543.0,,,,,,,
Leeds,117.0,Europe,140.0,140.0,140.0,167.0,167.0,167.0,167.0,167.0,174.0
Legazpi City,872.0,Asia,872.0,872.0,872.0,872.0,,,,,
Leipzig,227.0,Europe,470.0,470.0,403.0,252.0,252.0,252.0,252.0,252.0,252.0
Leknes,392.0,Europe,392.0,392.0,392.0,403.0,403.0,403.0,403.0,403.0,403.0
Lexington,,,,,,,1573.0,1573.0,1573.0,1573.0,1573.0
León,725.0,North America,725.0,725.0,725.0,3513.0,754.0,754.0,754.0,754.0,754.0
Lhasa,1137.0,Asia,1137.0,1137.0,,,,,,,
Liberia,784.0,North America,607.0,607.0,607.0,714.0,787.0,787.0,787.0,787.0,787.0
Libreville,708.0,Africa,2957.0,2957.0,2957.0,780.0,780.0,780.0,780.0,780.0,2957.0
Liepāja,,,,,,,,,356.0,356.0,356.0
Lihue,1366.0,North America,1366.0,1366.0,1366.0,768.0,1153.0,1153.0,1153.0,1153.0,1153.0
Lille,312.0,Europe,312.0,312.0,312.0,321.0,321.0,321.0,321.0,321.0,264.0
Lilongwe,557.0,Africa,557.0,557.0,557.0,557.0,557.0,557.0,571.0,571.0,571.0
Lima,607.0,South America,607.0,603.0,610.0,603.0,650.0,650.0,610.0,610.0,603.0
Limon,,,,,,1561.0,1561.0,1561.0,1561.0,1561.0,1561.0
Linz,214.0,Europe,214.0,214.0,214.0,514.0,514.0,514.0,672.0,672.0,201.0
Lisbon,53.0,Europe,37.0,37.0,37.0,49.0,49.0,49.0,49.0,49.0,49.0
Little Rock,867.0,North America,867.0,867.0,,,,,,,
Liverpool,170.0,Europe,61.0,61.0,89.0,67.0,65.0,65.0,83.0,83.0,59.0
Livingstone,574.0,Africa,663.0,663.0,663.0,664.0,664.0,664.0,862.0,862.0,682.0
Liège,563.0,Europe,653.0,653.0,653.0,653.0,653.0,653.0,653.0,653.0,653.0
Ljubljana,55.0,Europe,55.0,55.0,57.0,57.0,57.0,57.0,57.0,57.0,60.0
Lleida,,,,,1709.0,1709.0,1709.0,1709.0,1709.0,1709.0,1709.0
Lomé,2073.0,Africa,621.0,621.0,2088.0,672.0,2073.0,2073.0,2073.0,2073.0,2073.0
London,26.0,Europe,26.0,26.0,23.0,23.0,30.0,30.0,30.0,30.0,27.0
Londonderry,452.0,Europe,452.0,452.0,,,,,,,
Londrina,,,,1600.0,1600.0,1600.0,1600.0,1600.0,1600.0,1600.0,1600.0
Long Beach,350.0,North America,317.0,317.0,5406.0,317.0,308.0,308.0,308.0,308.0,308.0
Longyearbyen,282.0,Europe,304.0,304.0,304.0,279.0,279.0,279.0,279.0,279.0,455.0
Lorient,,,209.0,209.0,209.0,214.0,214.0,214.0,176.0,176.0,176.0
Los Angeles,283.0,North America,279.0,279.0,289.0,282.0,281.0,281.0,281.0,281.0,281.0
Louisville,,,,,,975.0,975.0,975.0,975.0,975.0,975.0
Lourdes,253.0,Europe,253.0,253.0,253.0,378.0,378.0,378.0,378.0,378.0,378.0
Luanda,2513.0,Africa,599.0,599.0,2515.0,2491.0,2512.0,2512.0,541.0,541.0,541.0
Luang Prabang,798.0,Asia,798.0,798.0,861.0,861.0,861.0,861.0,861.0,861.0,861.0
Lubbock,5000.0,North America,5005.0,5005.0,5005.0,5005.0,5005.0,5005.0,5005.0,5005.0,5005.0
Lublin,186.0,Europe,195.0,195.0,195.0,195.0,195.0,195.0,195.0,195.0,290.0
Lugano,457.0,Europe,181.0,181.0,181.0,169.0,169.0,181.0,181.0,181.0,181.0
Luleå,199.0,Europe,254.0,254.0,173.0,173.0,173.0,173.0,195.0,195.0,185.0
Luoyang,,,,,,,,,802.0,802.0,802.0
Luqa,87.0,Europe,51.0,51.0,102.0,37.0,75.0,75.0,75.0,75.0,57.0
Lusaka,573.0,Africa,531.0,531.0,573.0,573.0,1148.0,1148.0,1148.0,1148.0,949.0
Luxembourg,95.0,Europe,33.0,33.0,39.0,23.0,23.0,23.0,23.0,23.0,23.0
Luxor,391.0,Africa,391.0,391.0,391.0,768.0,768.0,768.0,768.0,768.0,768.0
Lviv,129.0,Europe,129.0,129.0,150.0,71.0,71.0,71.0,126.0,126.0,126.0
Lyon,169.0,Europe,62.0,62.0,151.0,88.0,112.0,112.0,108.0,108.0,108.0
Maastricht,385.0,Europe,385.0,385.0,385.0,385.0,,,,,
Macau,890.0,,799.0,799.0,799.0,749.0,749.0,749.0,1055.0,1055.0,667.0
Madison,1686.0,North America,1687.0,1687.0,1687.0,1687.0,1687.0,1687.0,1687.0,1687.0,1687.0
Madrid,46.0,Europe,46.0,46.0,45.0,40.0,31.0,31.0,31.0,31.0,31.0
Mae Hong Son,987.0,Asia,987.0,987.0,987.0,987.0,,,,,
Magadan,,,,,,,,,,,556.0
Majalengka,993.0,Asia,993.0,993.0,993.0,993.0,,,,,
Makassar,996.0,Asia,3034.0,3034.0,3034.0,3034.0,3034.0,3034.0,3034.0,3034.0,3034.0
Makhachkala,,,,,,,,,,,258.0
Malacca,1317.0,Asia,1317.0,1317.0,1317.0,1317.0,,,,,
Malatya,269.0,Europe,269.0,269.0,269.0,423.0,423.0,423.0,423.0,423.0,423.0
Malindi,,,1409.0,1409.0,1409.0,732.0,732.0,732.0,732.0,732.0,781.0
Malmö,674.0,Europe,211.0,211.0,204.0,189.0,675.0,675.0,675.0,675.0,295.0
Malé,619.0,Asia,602.0,602.0,708.0,607.0,721.0,721.0,564.0,564.0,564.0
Manado,1295.0,Asia,1295.0,1295.0,862.0,862.0,862.0,862.0,862.0,862.0,862.0
Managua,1456.0,North America,1456.0,1456.0,1456.0,686.0,686.0,686.0,699.0,699.0,699.0
Manama,376.0,Asia,350.0,350.0,350.0,347.0,353.0,353.0,353.0,353.0,353.0
Manaus,1112.0,South America,1671.0,1671.0,1671.0,1671.0,1671.0,1671.0,1671.0,1671.0,1509.0
Manchester,34.0,Europe,34.0,34.0,54.0,38.0,47.0,47.0,45.0,45.0,34.0
Mandalay,793.0,Asia,807.0,807.0,807.0,807.0,807.0,807.0,807.0,807.0,806.0
Mangalore,654.0,Asia,1254.0,1254.0,1254.0,1254.0,1254.0,1254.0,1254.0,1254.0,1254.0
Manhattan,,,,,,875.0,875.0,875.0,875.0,875.0,875.0
Manila,500.0,Asia,516.0,516.0,540.0,522.0,516.0,516.0,512.0,512.0,512.0
Manizales,,,,,,,,,,,904.0
Manzanillo,755.0,North America,755.0,755.0,,,,,,,
Maputo,879.0,Africa,718.0,718.0,879.0,717.0,879.0,879.0,879.0,879.0,879.0
Mardin,306.0,Europe,306.0,306.0,,,,,,,382.0
Mariehamn,252.0,Europe,252.0,252.0,,,,,,,
Maringá,1240.0,South America,1240.0,1240.0,,,,,,,
Maroochydore,,,1769.0,1769.0,1769.0,1990.0,1990.0,1990.0,1990.0,1990.0,1990.0
Marrakesh,100.0,Africa,72.0,73.0,84.0,70.0,61.0,61.0,61.0,61.0,61.0
Marsa Alam,394.0,Africa,234.0,234.0,238.0,238.0,238.0,238.0,457.0,457.0,457.0
Marseille,143.0,Europe,64.0,64.0,86.0,64.0,154.0,154.0,103.0,103.0,82.0
Mashhad,649.0,Asia,490.0,490.0,649.0,649.0,649.0,649.0,605.0,605.0,604.0
Mataram,818.0,Asia,818.0,818.0,818.0,790.0,713.0,713.0,713.0,713.0,831.0
Maumere,1384.0,Asia,1384.0,1384.0,,,,,,,
Maun,952.0,Africa,952.0,952.0,,,,,,,986.0
Mazatlán,1025.0,North America,1025.0,1025.0,1025.0,1025.0,1025.0,1025.0,1025.0,1025.0,1025.0
Medan,792.0,Asia,790.0,790.0,790.0,810.0,810.0,810.0,810.0,810.0,2951.0
Medellín,1172.0,South America,600.0,592.0,592.0,587.0,902.0,902.0,737.0,737.0,600.0
Medina,588.0,Asia,588.0,588.0,,733.0,733.0,733.0,733.0,733.0,733.0
Melbourne,768.0,North America,700.0,624.0,624.0,624.0,768.0,768.0,768.0,768.0,768.0
Melilla,,,,,,,302.0,302.0,302.0,302.0,302.0
Memmingen,209.0,Europe,161.0,161.0,122.0,122.0,231.0,231.0,231.0,231.0,125.0
Memphis,1049.0,North America,1080.0,1080.0,2499.0,847.0,2823.0,2823.0,2823.0,2823.0,2823.0
Mendoza,1064.0,South America,1064.0,1064.0,,799.0,799.0,799.0,799.0,799.0,799.0
Merzifon,303.0,Europe,303.0,303.0,,,498.0,498.0,498.0,498.0,498.0
Metz,271.0,Europe,1545.0,1545.0,1545.0,1545.0,1545.0,1545.0,1545.0,1545.0,1545.0
Mexico City,551.0,North America,551.0,551.0,551.0,518.0,534.0,534.0,534.0,534.0,534.0
Miami,266.0,North America,265.0,265.0,265.0,263.0,268.0,268.0,266.0,266.0,263.0
Midland,912.0,North America,2931.0,2931.0,2931.0,2931.0,2931.0,2931.0,2931.0,2931.0,2931.0
Milan,23.0,Europe,23.0,23.0,26.0,23.0,26.0,26.0,23.0,23.0,23.0
Milltown (Kerry),114.0,Europe,67.0,67.0,67.0,45.0,45.0,45.0,45.0,45.0,46.0
Milwaukee,1122.0,North America,1122.0,1122.0,1575.0,610.0,610.0,610.0,1156.0,1156.0,1156.0
Mineralnye Vody,292.0,Europe,292.0,292.0,292.0,272.0,272.0,272.0,272.0,272.0,270.0
Minneapolis,532.0,North America,532.0,532.0,530.0,530.0,596.0,596.0,596.0,596.0,596.0
Minot,1157.0,North America,1162.0,1162.0,1162.0,1162.0,1162.0,1162.0,1162.0,1162.0,1210.0
Minsk,163.0,Europe,163.0,163.0,179.0,143.0,143.0,143.0,137.0,137.0,137.0
Misawa,,,,,872.0,872.0,872.0,872.0,872.0,872.0,872.0
Missoula,1589.0,North America,1139.0,1139.0,1589.0,1164.0,1589.0,1589.0,1172.0,1172.0,1172.0
Miyazaki,,,,,,584.0,584.0,584.0,584.0,584.0,584.0
Mo i Rana,,,,,,,,,327.0,327.0,327.0
Mobile,2887.0,North America,2887.0,2887.0,2887.0,925.0,925.0,925.0,2887.0,2887.0,2887.0
Mogadishu,972.0,Africa,972.0,972.0,972.0,976.0,976.0,976.0,976.0,976.0,976.0
Molde,,,,,,191.0,191.0,191.0,191.0,191.0,191.0
Mombasa,409.0,Africa,409.0,409.0,610.0,440.0,431.0,431.0,431.0,431.0,431.0
Monastir,196.0,Africa,184.0,184.0,184.0,184.0,286.0,286.0,286.0,286.0,286.0
Moncton,758.0,North America,758.0,758.0,,,,,,,
Monrovia,983.0,Africa,983.0,983.0,983.0,933.0,933.0,933.0,933.0,933.0,933.0
Mont Lubin,1244.0,Africa,1244.0,1244.0,,1168.0,1168.0,1168.0,1168.0,1168.0,1168.0
Montego Bay,616.0,North America,673.0,673.0,636.0,632.0,671.0,671.0,671.0,671.0,671.0
Monterey,1105.0,North America,1105.0,1105.0,1105.0,1105.0,1105.0,1105.0,1105.0,1105.0,1105.0
Monterrey,950.0,North America,972.0,972.0,972.0,673.0,673.0,673.0,673.0,673.0,991.0
Montevideo,879.0,South America,879.0,879.0,879.0,808.0,879.0,879.0,879.0,879.0,569.0
Montgomery,875.0,North America,875.0,875.0,875.0,875.0,,,,,
Montpellier,83.0,Europe,83.0,83.0,78.0,97.0,294.0,294.0,226.0,226.0,68.0
Montreal,404.0,North America,402.0,402.0,467.0,387.0,442.0,442.0,437.0,437.0,408.0
Morondava,1835.0,Africa,1835.0,1835.0,,,,,,,
Moroni,580.0,Africa,959.0,959.0,959.0,959.0,567.0,567.0,572.0,572.0,572.0
Moscow,106.0,Europe,106.0,106.0,120.0,107.0,119.0,107.0,106.0,106.0,106.0
Mostar,266.0,Europe,266.0,266.0,266.0,408.0,408.0,408.0,745.0,745.0,746.0
Mudanjiang,,,,,,,955.0,955.0,955.0,955.0,955.0
Mukah,,,,,,,1798.0,1798.0,1798.0,1798.0,1798.0
Mulhouse,293.0,Europe,536.0,427.0,427.0,403.0,403.0,403.0,403.0,403.0,403.0
Multān,787.0,Asia,787.0,787.0,,,,,,,896.0
Mumbai,496.0,Asia,496.0,496.0,483.0,469.0,813.0,813.0,544.0,544.0,492.0
Munich,72.0,Europe,72.0,73.0,77.0,65.0,75.0,75.0,75.0,75.0,74.0
Murmansk,,,,,,,,,354.0,354.0,354.0
Muscat,485.0,Asia,357.0,357.0,450.0,352.0,497.0,497.0,358.0,358.0,358.0
Muş,310.0,Europe,310.0,310.0,471.0,471.0,471.0,471.0,316.0,316.0,316.0
Mykonos,268.0,Europe,268.0,268.0,268.0,234.0,258.0,258.0,258.0,258.0,221.0
Myrtle Beach,748.0,North America,748.0,748.0,,,,,,,
Mytilene,308.0,Europe,405.0,405.0,405.0,266.0,266.0,266.0,266.0,266.0,266.0
Málaga,45.0,Europe,34.0,34.0,57.0,38.0,38.0,38.0,38.0,38.0,38.0
Mérida,838.0,North America,971.0,971.0,971.0,1080.0,711.0,711.0,711.0,711.0,711.0
Münster,195.0,Europe,196.0,196.0,196.0,207.0,207.0,207.0,207.0,207.0,207.0
N'Djamena,,,,,,709.0,709.0,709.0,709.0,709.0,709.0
Naberezhnye Chelny,,,,,,311.0,311.0,311.0,311.0,311.0,311.0
Nadi,1267.0,Oceania,1337.0,1337.0,1337.0,1277.0,1350.0,1350.0,1350.0,1350.0,1350.0
Nador,416.0,Africa,374.0,374.0,374.0,747.0,941.0,941.0,119.0,119.0,119.0
Nagasaki,,,,845.0,845.0,847.0,847.0,847.0,847.0,847.0,847.0
Nagoya,678.0,Asia,678.0,678.0,716.0,531.0,531.0,531.0,678.0,678.0,678.0
Nagpur,791.0,Asia,791.0,791.0,754.0,754.0,2769.0,2769.0,2769.0,2769.0,2769.0
Nagua,710.0,North America,710.0,710.0,710.0,913.0,913.0,913.0,913.0,913.0,1079.0
Nairobi,440.0,Africa,440.0,440.0,446.0,445.0,446.0,446.0,446.0,446.0,446.0
Najaf,940.0,Asia,992.0,992.0,774.0,648.0,648.0,648.0,648.0,648.0,648.0
Nakhichevan,471.0,Europe,471.0,471.0,,,,,,,
Nalchik,307.0,Europe,302.0,302.0,302.0,302.0,302.0,302.0,302.0,302.0,302.0
Nanaimo,1095.0,North America,1095.0,1095.0,1095.0,1270.0,1270.0,1270.0,1270.0,1270.0,1270.0
Nanjing,3121.0,Asia,3121.0,3121.0,3121.0,516.0,516.0,516.0,2792.0,2792.0,2792.0
Nanning,,,,,965.0,965.0,965.0,965.0,965.0,965.0,965.0
Nantes,176.0,Europe,109.0,109.0,109.0,77.0,115.0,115.0,115.0,115.0,115.0
Nantucket,2662.0,North America,2662.0,2662.0,2662.0,2662.0,2662.0,2662.0,2662.0,2662.0,2662.0
Naples,33.0,Europe,29.0,29.0,104.0,29.0,50.0,50.0,50.0,50.0,36.0
Nashville,488.0,North America,488.0,488.0,488.0,765.0,661.0,661.0,661.0,661.0,2833.0
Nassau,639.0,North America,1468.0,1468.0,618.0,601.0,601.0,601.0,601.0,601.0,605.0
Natal,975.0,South America,975.0,975.0,975.0,858.0,858.0,858.0,858.0,858.0,736.0
Navegantes,,,1070.0,977.0,977.0,977.0,977.0,977.0,977.0,977.0,977.0
Naxos,612.0,Europe,612.0,481.0,436.0,392.0,392.0,392.0,464.0,464.0,464.0
Nelspruit,1324.0,Africa,1324.0,1324.0,1324.0,1324.0,,,,,
Nevşehir,253.0,Europe,417.0,417.0,281.0,256.0,253.0,253.0,253.0,253.0,253.0
New Delhi,505.0,Asia,454.0,454.0,480.0,450.0,588.0,588.0,476.0,476.0,457.0
New Haven,659.0,North America,615.0,615.0,621.0,615.0,757.0,757.0,615.0,615.0,615.0
New Orleans,477.0,North America,477.0,477.0,733.0,538.0,2436.0,2436.0,1672.0,1672.0,1672.0
New Plymouth,2043.0,Oceania,2043.0,2043.0,2043.0,2043.0,,,,,
New York,252.0,North America,241.0,236.0,251.0,225.0,227.0,227.0,229.0,229.0,221.0
Newark,250.0,North America,252.0,252.0,261.0,253.0,257.0,257.0,257.0,257.0,257.0
Newcastle upon Tyne,3187.0,Europe,3187.0,156.0,224.0,192.0,192.0,192.0,2885.0,2885.0,162.0
Newport News,919.0,North America,919.0,919.0,1888.0,630.0,1888.0,1888.0,1888.0,1888.0,705.0
Newquay,301.0,Europe,392.0,392.0,275.0,381.0,381.0,381.0,381.0,381.0,394.0
Nha Trang,852.0,Asia,659.0,659.0,659.0,659.0,659.0,659.0,659.0,659.0,659.0
Niamey,2153.0,Africa,800.0,800.0,800.0,800.0,843.0,843.0,843.0,843.0,843.0
Nice,107.0,Europe,80.0,80.0,143.0,66.0,137.0,137.0,72.0,72.0,52.0
Nicosia,384.0,Europe,234.0,234.0,234.0,250.0,267.0,267.0,259.0,259.0,259.0
Nimes,557.0,Europe,557.0,557.0,527.0,527.0,453.0,453.0,453.0,453.0,453.0
Ningbo,539.0,Asia,572.0,572.0,572.0,572.0,572.0,572.0,572.0,572.0,572.0
Nizhny Novgorod,228.0,Europe,228.0,228.0,,,,,,,
Niš,111.0,Europe,277.0,277.0,100.0,100.0,185.0,185.0,185.0,185.0,76.0
Norfolk,1873.0,North America,827.0,827.0,750.0,750.0,750.0,750.0,750.0,750.0,1002.0
Norwich,209.0,Europe,210.0,210.0,210.0,210.0,210.0,210.0,210.0,210.0,210.0
Nosy Be,1343.0,Africa,1343.0,1343.0,1572.0,1271.0,1278.0,1278.0,1278.0,1278.0,1278.0
Nottingham,148.0,Europe,122.0,122.0,122.0,68.0,201.0,201.0,201.0,201.0,201.0
Noumea,1728.0,,1482.0,1482.0,1482.0,1330.0,1330.0,1330.0,1330.0,1330.0,1330.0
Novosibirsk,362.0,Europe,266.0,266.0,266.0,352.0,352.0,352.0,352.0,352.0,352.0
Novy Urengoy,,,,,477.0,477.0,477.0,477.0,477.0,477.0,477.0
Nuku‘alofa,2195.0,Oceania,2195.0,2195.0,,1488.0,1488.0,1488.0,1488.0,1488.0,1488.0
Nur-Sultan,309.0,Europe,309.0,309.0,309.0,338.0,547.0,547.0,390.0,390.0,387.0
Nuremberg,90.0,Europe,90.0,90.0,198.0,126.0,284.0,284.0,106.0,106.0,106.0
Nuuk,1367.0,,1367.0,1367.0,1681.0,1681.0,1681.0,1681.0,1681.0,1681.0,1681.0
Nyaung-U,1184.0,Asia,1184.0,1184.0,1184.0,1184.0,,,,,
Oakland,449.0,North America,390.0,390.0,901.0,390.0,802.0,802.0,484.0,484.0,324.0
Oaxaca,640.0,North America,640.0,640.0,640.0,640.0,640.0,640.0,640.0,640.0,640.0
Obihiro,590.0,Asia,590.0,590.0,,,601.0,601.0,601.0,601.0,601.0
Odessa,152.0,Europe,67.0,67.0,157.0,64.0,66.0,66.0,66.0,66.0,64.0
Ogdensburg,4313.0,North America,2864.0,2864.0,2864.0,2864.0,2864.0,2864.0,2864.0,2864.0,2864.0
Ohrid,150.0,Europe,150.0,150.0,150.0,150.0,,,,,327.0
Okayama,932.0,Asia,932.0,932.0,932.0,932.0,,,,,
Okinawa,558.0,Asia,558.0,558.0,1003.0,549.0,549.0,549.0,549.0,549.0,549.0
Oklahoma City,786.0,North America,794.0,794.0,794.0,794.0,794.0,794.0,794.0,794.0,845.0
Olbia,173.0,Europe,153.0,126.0,136.0,126.0,182.0,182.0,182.0,182.0,139.0
Omaha,760.0,North America,735.0,735.0,735.0,760.0,760.0,760.0,760.0,760.0,760.0
Omsk,200.0,Europe,296.0,296.0,296.0,299.0,222.0,222.0,222.0,222.0,239.0
Ontario,350.0,North America,317.0,317.0,940.0,317.0,317.0,317.0,317.0,317.0,317.0
Oradea,646.0,Europe,1242.0,1242.0,1242.0,1242.0,1242.0,1242.0,1242.0,1242.0,1242.0
Oran,347.0,Africa,347.0,347.0,301.0,301.0,341.0,341.0,341.0,341.0,340.0
Oranjestad,990.0,North America,557.0,519.0,2507.0,554.0,2507.0,2507.0,2507.0,2507.0,594.0
Ordu,245.0,Europe,286.0,286.0,286.0,280.0,238.0,238.0,344.0,344.0,344.0
Orlando,321.0,North America,321.0,321.0,339.0,314.0,374.0,374.0,374.0,374.0,330.0
Orsk,,,,609.0,609.0,573.0,573.0,573.0,573.0,573.0,573.0
Osaka,522.0,Asia,522.0,492.0,528.0,492.0,524.0,524.0,520.0,520.0,520.0
Osh,419.0,,508.0,508.0,508.0,508.0,508.0,508.0,508.0,508.0,508.0
Osijek,277.0,Europe,277.0,277.0,,,,,,,
Oslo,60.0,Europe,60.0,60.0,59.0,54.0,86.0,86.0,61.0,61.0,61.0
Ostend,477.0,Europe,663.0,663.0,663.0,340.0,340.0,340.0,790.0,790.0,790.0
Ostrava,,,,,,,,,,,519.0
Ottawa,761.0,North America,761.0,761.0,470.0,470.0,470.0,470.0,470.0,470.0,451.0
Ouagadougou,2444.0,Africa,2444.0,2444.0,2444.0,2444.0,2444.0,2444.0,2444.0,2444.0,2444.0
Ouarzazate,455.0,Africa,321.0,321.0,321.0,321.0,321.0,321.0,321.0,321.0,738.0
Oujda,,,,,,449.0,449.0,449.0,449.0,449.0,449.0
Oulu,218.0,Europe,218.0,301.0,301.0,301.0,304.0,304.0,261.0,261.0,261.0
Oxford,308.0,Europe,308.0,308.0,308.0,2396.0,2396.0,2396.0,2396.0,2396.0,2396.0
Padang,,,,,,,,,,,836.0
Paderborn,195.0,Europe,196.0,196.0,196.0,389.0,389.0,389.0,389.0,389.0,210.0
Palanga,195.0,Europe,195.0,195.0,195.0,194.0,194.0,194.0,276.0,276.0,276.0
Palangkaraya,,,,,,,957.0,957.0,957.0,957.0,957.0
Palembang,,,507.0,507.0,507.0,507.0,507.0,507.0,507.0,507.0,507.0
Paleochori,588.0,Europe,365.0,365.0,365.0,365.0,365.0,365.0,365.0,365.0,365.0
Palermo,122.0,Europe,74.0,74.0,197.0,81.0,80.0,80.0,80.0,80.0,72.0
Palm Springs,4537.0,North America,2906.0,2906.0,2906.0,2906.0,2906.0,2906.0,2906.0,2906.0,2906.0
Palma de Mallorca,19.0,Europe,16.0,16.0,18.0,18.0,13.0,13.0,14.0,14.0,19.0
Palmas,,,,,,1474.0,1474.0,1474.0,1474.0,1474.0,1474.0
Palu,1211.0,Asia,1211.0,1211.0,1211.0,1211.0,,,,,
Pamplona,181.0,Europe,181.0,181.0,181.0,267.0,209.0,209.0,209.0,209.0,209.0
Panama City,456.0,North America,456.0,456.0,551.0,449.0,492.0,492.0,455.0,455.0,455.0
Panama City Beach,429.0,North America,429.0,429.0,429.0,429.0,,,322.0,322.0,322.0
Pantelleria,,,,,,,584.0,584.0,584.0,584.0,584.0
Papeete,1150.0,,1150.0,1150.0,4980.0,1074.0,4980.0,4980.0,4980.0,4980.0,1435.0
Paphos,217.0,Europe,172.0,172.0,165.0,148.0,273.0,273.0,84.0,84.0,84.0
Paramaribo,2048.0,South America,2048.0,2048.0,2048.0,830.0,830.0,830.0,830.0,830.0,823.0
Parikia,325.0,Europe,325.0,497.0,373.0,454.0,454.0,454.0,374.0,374.0,374.0
Paris,64.0,Europe,63.0,63.0,64.0,64.0,69.0,69.0,61.0,61.0,61.0
Pasco,2921.0,North America,2921.0,2921.0,2921.0,1313.0,2947.0,2947.0,1305.0,1305.0,1305.0
Pasto,,,,,,999.0,999.0,999.0,999.0,999.0,999.0
Patna,,,,,,,1214.0,1214.0,1214.0,1214.0,1214.0
Patras,289.0,Europe,294.0,294.0,294.0,294.0,294.0,294.0,294.0,294.0,294.0
Pau,246.0,Europe,246.0,246.0,,,389.0,389.0,389.0,389.0,250.0
Pavlodar,396.0,Europe,396.0,396.0,,,732.0,732.0,732.0,732.0,398.0
Pekanbaru,,,,,,,,,,,2441.0
Pensacola,2435.0,North America,2426.0,451.0,451.0,649.0,649.0,649.0,2435.0,2435.0,2435.0
Penticton,1951.0,North America,1951.0,1951.0,1951.0,1181.0,1951.0,1951.0,1951.0,1951.0,1951.0
Perm,336.0,Europe,308.0,308.0,308.0,233.0,233.0,233.0,233.0,233.0,289.0
Perpignan,187.0,Europe,270.0,270.0,270.0,270.0,422.0,422.0,422.0,422.0,422.0
Perth,617.0,Oceania,617.0,617.0,617.0,594.0,597.0,597.0,597.0,597.0,593.0
Perugia,408.0,Europe,204.0,204.0,204.0,247.0,255.0,255.0,255.0,255.0,255.0
Pescara,171.0,Europe,109.0,109.0,109.0,109.0,109.0,109.0,109.0,109.0,143.0
Peshawar,877.0,Asia,877.0,881.0,881.0,881.0,881.0,881.0,881.0,881.0,881.0
Petropavlovsk-Kamchats,1376.0,Europe,1376.0,1376.0,,544.0,544.0,544.0,544.0,544.0,1063.0
Philadelphia,419.0,North America,419.0,398.0,502.0,372.0,372.0,372.0,405.0,405.0,405.0
Phnom Penh,583.0,Asia,583.0,583.0,583.0,584.0,584.0,584.0,716.0,716.0,708.0
Phoenix,458.0,North America,458.0,458.0,490.0,346.0,513.0,513.0,488.0,488.0,357.0
Phu Quoc,862.0,Asia,804.0,804.0,804.0,786.0,809.0,809.0,809.0,809.0,809.0
Phuket City,465.0,Asia,451.0,415.0,513.0,415.0,481.0,481.0,465.0,465.0,460.0
Pico Island,499.0,Europe,499.0,499.0,499.0,379.0,331.0,331.0,331.0,331.0,493.0
Piedras Negras (Zaragoza),941.0,North America,941.0,941.0,941.0,941.0,,,,,
Pietermaritzburg,,,,,,896.0,896.0,896.0,896.0,896.0,896.0
Pisa,97.0,Europe,23.0,23.0,23.0,23.0,23.0,23.0,23.0,23.0,23.0
Pittsburgh,409.0,North America,461.0,461.0,461.0,461.0,613.0,613.0,613.0,613.0,461.0
Plovdiv,450.0,Europe,450.0,450.0,,,,,,,
Plymouth,2742.0,Europe,2742.0,2742.0,273.0,273.0,273.0,273.0,273.0,273.0,273.0
Podgorica,38.0,Europe,38.0,38.0,38.0,29.0,53.0,53.0,53.0,53.0,43.0
Pointe La Rue,642.0,Africa,627.0,627.0,631.0,620.0,674.0,674.0,670.0,670.0,658.0
Pointe-à-Pitre,447.0,,447.0,447.0,1228.0,474.0,474.0,474.0,474.0,474.0,737.0
Poitiers,,,,,,,510.0,510.0,510.0,510.0,394.0
Pokhara,,,1447.0,1447.0,1447.0,1447.0,1447.0,1447.0,1447.0,1447.0,1447.0
Ponta Delgada (Açores),157.0,Europe,157.0,157.0,208.0,132.0,208.0,208.0,155.0,155.0,135.0
Poprad,,,,,,306.0,306.0,306.0,306.0,306.0,306.0
Porlamar,1547.0,South America,1547.0,1835.0,1835.0,1835.0,2023.0,2023.0,2023.0,2023.0,2023.0
Port Au Prince,3332.0,North America,3332.0,3332.0,3335.0,730.0,3335.0,3335.0,3335.0,3335.0,3335.0
Port Blair,823.0,Asia,1069.0,1069.0,1069.0,1069.0,2416.0,2416.0,2416.0,2416.0,2416.0
Port Elizabeth,778.0,Africa,778.0,778.0,778.0,721.0,723.0,723.0,723.0,723.0,723.0
Port Harcourt,996.0,Africa,996.0,996.0,,805.0,805.0,805.0,1375.0,1375.0,1375.0
Port Lincoln,,,,,,1703.0,1703.0,1703.0,1703.0,1703.0,1703.0
Port Louis,570.0,Africa,570.0,553.0,609.0,555.0,688.0,688.0,688.0,688.0,603.0
Port Vila,1911.0,Oceania,1911.0,1911.0,1911.0,1599.0,1599.0,1599.0,1599.0,1599.0,1599.0
Port of Spain,729.0,North America,729.0,729.0,729.0,582.0,621.0,621.0,621.0,621.0,621.0
Portland,458.0,North America,458.0,458.0,2171.0,460.0,445.0,445.0,445.0,445.0,445.0
Porto,97.0,Europe,105.0,105.0,77.0,77.0,124.0,124.0,76.0,76.0,76.0
Porto Alegre,1004.0,South America,870.0,821.0,2279.0,810.0,2279.0,2279.0,870.0,870.0,870.0
Porto Santo,608.0,Europe,345.0,345.0,567.0,233.0,684.0,684.0,684.0,684.0,189.0
Porto Seguro,1255.0,South America,1158.0,1158.0,1158.0,1158.0,1158.0,1158.0,1811.0,1811.0,1811.0
Posadas,,,,,,1853.0,1853.0,1853.0,1853.0,1853.0,1853.0
Poznan,258.0,Europe,258.0,258.0,258.0,150.0,150.0,150.0,150.0,150.0,150.0
Prague,154.0,Europe,79.0,79.0,113.0,106.0,142.0,142.0,142.0,142.0,116.0
Praia,410.0,Africa,410.0,410.0,410.0,410.0,420.0,420.0,410.0,410.0,410.0
Presque Isle,1127.0,North America,1127.0,1127.0,1127.0,1206.0,1206.0,1206.0,1206.0,1206.0,1206.0
Prince George,1131.0,North America,1132.0,1132.0,1132.0,1132.0,1132.0,1132.0,1132.0,1132.0,1132.0
Prishtina,171.0,Europe,68.0,68.0,68.0,78.0,347.0,347.0,200.0,200.0,194.0
Providence,3115.0,North America,942.0,942.0,942.0,1953.0,619.0,619.0,619.0,619.0,619.0
Providenciales,546.0,,540.0,540.0,540.0,540.0,1150.0,1150.0,1150.0,1150.0,1150.0
Provincetown,5956.0,North America,5956.0,5956.0,,,5996.0,5996.0,5996.0,5996.0,5996.0
Provo,2177.0,North America,2177.0,2177.0,2177.0,2177.0,,,,,
Préveza,221.0,Europe,471.0,471.0,629.0,248.0,643.0,643.0,333.0,333.0,333.0
Puebla City,1283.0,North America,1283.0,1283.0,1603.0,1603.0,1603.0,1603.0,1603.0,1603.0,1239.0
Puerto Escondido,814.0,North America,814.0,814.0,867.0,867.0,867.0,867.0,721.0,721.0,721.0
Puerto Iguazú,,,,,,,,,,,1896.0
Puerto Jiménez,,,,,,1933.0,1933.0,1933.0,1933.0,1933.0,1933.0
Puerto Plata,664.0,North America,678.0,678.0,681.0,666.0,1048.0,1048.0,666.0,666.0,666.0
Puerto Princesa,922.0,Asia,866.0,866.0,866.0,866.0,866.0,866.0,866.0,866.0,1095.0
Puerto Vallarta,717.0,North America,4540.0,4540.0,4540.0,709.0,800.0,800.0,800.0,800.0,752.0
Puerto del Rosario,90.0,Europe,104.0,104.0,164.0,68.0,70.0,70.0,70.0,70.0,70.0
Pula,54.0,Europe,54.0,54.0,26.0,26.0,162.0,162.0,126.0,126.0,119.0
Pune,780.0,Asia,2595.0,2595.0,899.0,807.0,807.0,807.0,807.0,807.0,904.0
Punta Arenas,,,2264.0,,,732.0,,,732.0,,
Punta Cana,661.0,North America,597.0,597.0,597.0,595.0,700.0,700.0,676.0,676.0,639.0
Punta del Este,3424.0,South America,3424.0,3424.0,1438.0,1438.0,1438.0,1438.0,1438.0,1438.0,1489.0
Qamdo,1809.0,Asia,1809.0,1809.0,,,,,,,
Qingdao,536.0,Asia,536.0,536.0,536.0,536.0,590.0,590.0,590.0,590.0,590.0
Qionghai,,,,,,,,,2655.0,2655.0,2655.0
Quanzhou,6333.0,Asia,6333.0,869.0,617.0,617.0,617.0,617.0,617.0,617.0,765.0
Queenstown,,,1245.0,,,1113.0,,,5587.0,,
Quepos,1050.0,North America,1050.0,1050.0,1050.0,1050.0,1050.0,1050.0,1050.0,1050.0,1050.0
Quimper,,,,,,993.0,993.0,993.0,993.0,993.0,993.0
Quito,597.0,South America,597.0,597.0,597.0,597.0,597.0,597.0,597.0,597.0,597.0
Québec City,1032.0,North America,1035.0,625.0,625.0,560.0,580.0,580.0,580.0,580.0,580.0
Rabat,917.0,Africa,218.0,218.0,239.0,173.0,917.0,917.0,917.0,917.0,145.0
Rabil,609.0,Africa,518.0,518.0,626.0,428.0,1330.0,1330.0,449.0,449.0,449.0
Raleigh,1012.0,North America,600.0,600.0,600.0,589.0,1016.0,1016.0,1016.0,1016.0,876.0
Ranchi,838.0,Asia,838.0,838.0,,,,,,,
Rapid City,,,,,1038.0,1038.0,1038.0,1038.0,1038.0,1038.0,1038.0
Rarotonga,1577.0,,1577.0,1577.0,1577.0,1577.0,,,,,
Ras Al Khaimah,636.0,Asia,636.0,636.0,636.0,636.0,,,,,
Rayong,956.0,Asia,904.0,904.0,895.0,681.0,928.0,928.0,928.0,928.0,928.0
Recife,628.0,South America,628.0,628.0,628.0,628.0,628.0,628.0,627.0,627.0,627.0
Redding,1162.0,North America,1162.0,1162.0,,,,,,,
Reggio Calabria,162.0,Europe,162.0,162.0,189.0,187.0,389.0,389.0,208.0,208.0,208.0
Regina,,,,,,1612.0,1612.0,1612.0,1182.0,1182.0,1182.0
Rennes,342.0,Europe,213.0,213.0,417.0,390.0,390.0,390.0,217.0,217.0,217.0
Reno,1098.0,North America,624.0,624.0,967.0,568.0,1098.0,1098.0,1098.0,1098.0,1098.0
Reus,195.0,Europe,195.0,195.0,328.0,202.0,285.0,285.0,285.0,285.0,285.0
Reykjavik,194.0,Europe,142.0,142.0,115.0,117.0,134.0,134.0,126.0,126.0,126.0
Rhodes,232.0,Europe,158.0,158.0,216.0,158.0,253.0,253.0,182.0,182.0,119.0
Ribeirão Preto,922.0,South America,922.0,922.0,922.0,1023.0,1023.0,1023.0,1023.0,1023.0,1023.0
Richards Bay,1018.0,Africa,1018.0,1018.0,1018.0,753.0,753.0,753.0,753.0,753.0,753.0
Richmond,756.0,North America,756.0,756.0,2170.0,630.0,2170.0,2170.0,2170.0,2170.0,2170.0
Riga,26.0,Europe,26.0,26.0,82.0,26.0,42.0,42.0,42.0,42.0,42.0
Rijeka,558.0,Europe,151.0,151.0,132.0,95.0,95.0,95.0,95.0,95.0,95.0
Rimini,209.0,Europe,963.0,963.0,610.0,394.0,394.0,394.0,506.0,506.0,506.0
Rio de Janeiro,531.0,South America,528.0,528.0,530.0,530.0,642.0,642.0,557.0,557.0,531.0
Rivas,,,,,,2262.0,2262.0,2262.0,2262.0,2262.0,2262.0
Riyadh,419.0,Asia,419.0,394.0,446.0,422.0,422.0,422.0,422.0,422.0,361.0
Road Town,797.0,,797.0,797.0,797.0,782.0,782.0,782.0,782.0,782.0,782.0
Roanoke,3119.0,North America,2868.0,2868.0,2868.0,2868.0,2868.0,2868.0,2868.0,2868.0,2876.0
Rome,23.0,Europe,23.0,23.0,41.0,23.0,26.0,26.0,26.0,26.0,23.0
Roseau,773.0,North America,945.0,945.0,945.0,805.0,805.0,805.0,805.0,805.0,783.0
Rostock,507.0,Europe,507.0,396.0,396.0,655.0,655.0,655.0,655.0,655.0,655.0
Rostov on Don,265.0,Europe,265.0,265.0,265.0,236.0,275.0,275.0,275.0,275.0,275.0
Rotorua,,,,,,2375.0,2375.0,2375.0,2375.0,2375.0,2375.0
Rotterdam,372.0,Europe,256.0,256.0,256.0,209.0,550.0,379.0,379.0,379.0,183.0
Rovaniemi,284.0,Europe,254.0,254.0,254.0,253.0,282.0,282.0,282.0,282.0,282.0
Rutland,977.0,North America,977.0,977.0,977.0,977.0,,,,,
Rzeszow,199.0,Europe,199.0,199.0,199.0,169.0,169.0,169.0,491.0,491.0,491.0
Rønne,517.0,Europe,517.0,517.0,,,,,,,
Saarbruecken,260.0,Europe,260.0,260.0,205.0,157.0,431.0,431.0,431.0,431.0,172.0
Sacramento,2908.0,North America,1584.0,1584.0,2911.0,1584.0,2911.0,2911.0,2911.0,2911.0,2911.0
Saga,,,,848.0,848.0,848.0,848.0,848.0,848.0,848.0,848.0
Saint John,,,,,,744.0,744.0,744.0,744.0,744.0,744.0
Saint Peter,214.0,,214.0,214.0,214.0,214.0,,,,,360.0
Saint Peter Port,605.0,Europe,605.0,605.0,605.0,605.0,,,,,
Saint Petersburg,167.0,Europe,167.0,167.0,170.0,166.0,169.0,168.0,168.0,168.0,161.0
Saint Thomas Island,1777.0,,836.0,836.0,836.0,934.0,934.0,934.0,934.0,934.0,934.0
Saint-Barthélemy,,,,,,987.0,987.0,987.0,987.0,987.0,987.0
Saint-Denis,1261.0,,743.0,743.0,743.0,737.0,737.0,737.0,1324.0,1324.0,743.0
Saint-Pierre,918.0,,981.0,981.0,981.0,705.0,705.0,705.0,705.0,705.0,705.0
Salalah,603.0,Asia,603.0,603.0,603.0,605.0,605.0,605.0,603.0,603.0,603.0
Salt Lake City,417.0,North America,360.0,360.0,742.0,360.0,734.0,734.0,734.0,734.0,548.0
Salvador,1446.0,South America,736.0,736.0,892.0,696.0,999.0,999.0,685.0,685.0,685.0
Salzburg,54.0,Europe,54.0,54.0,111.0,49.0,101.0,101.0,49.0,49.0,45.0
Samara,,,,,,329.0,329.0,329.0,329.0,329.0,260.0
Samarkand,555.0,,555.0,555.0,555.0,474.0,474.0,474.0,474.0,474.0,474.0
Samos,255.0,Europe,255.0,255.0,413.0,201.0,201.0,201.0,443.0,443.0,283.0
Samsun,338.0,Europe,338.0,338.0,338.0,223.0,223.0,223.0,323.0,323.0,297.0
San Andrés,2195.0,South America,2195.0,2195.0,2197.0,2197.0,2197.0,2197.0,2197.0,2197.0,2197.0
San Antonio,693.0,North America,693.0,929.0,692.0,692.0,692.0,692.0,692.0,692.0,692.0
San Cristobal,,,,,868.0,868.0,1530.0,1530.0,1530.0,1530.0,1530.0
San Diego,628.0,North America,469.0,469.0,609.0,489.0,350.0,350.0,350.0,350.0,350.0
San Francisco,270.0,North America,270.0,270.0,275.0,270.0,275.0,275.0,275.0,275.0,271.0
San Jose,1085.0,Asia,1085.0,1085.0,1085.0,1085.0,1022.0,1022.0,1022.0,1022.0,1022.0
San José,578.0,North America,571.0,571.0,519.0,517.0,519.0,519.0,502.0,502.0,489.0
San José del Cabo,541.0,North America,541.0,541.0,4816.0,569.0,1345.0,1345.0,877.0,877.0,801.0
San Juan,3964.0,,709.0,709.0,570.0,423.0,423.0,423.0,577.0,577.0,577.0
San Luis Obispo,566.0,North America,2912.0,2912.0,2912.0,2912.0,2912.0,2912.0,2912.0,2912.0,2912.0
San Luis Potosí,1027.0,North America,1027.0,1027.0,,,1032.0,1032.0,1032.0,1032.0,1032.0
San Miguel de Cozumel,760.0,North America,720.0,720.0,720.0,1578.0,1578.0,1578.0,1578.0,1578.0,822.0
San Miguel de Tucumán,,,,,1443.0,1443.0,1443.0,1443.0,1443.0,1443.0,1443.0
San Pedro Sula,1010.0,North America,1010.0,1010.0,,668.0,607.0,607.0,607.0,607.0,607.0
San Pedro Town,,,2223.0,2223.0,2223.0,2223.0,2223.0,2223.0,2223.0,2223.0,2223.0
San Salvador,1380.0,North America,822.0,822.0,822.0,950.0,834.0,834.0,834.0,834.0,834.0
San Sebastian,206.0,Europe,162.0,162.0,162.0,179.0,164.0,164.0,164.0,164.0,164.0
San Sebastián de la Gomera,318.0,Europe,318.0,318.0,337.0,300.0,300.0,300.0,389.0,389.0,293.0
Sandakan,3460.0,Asia,3477.0,3477.0,3477.0,3863.0,3863.0,3863.0,3863.0,3863.0,3472.0
Sanliurfa,435.0,Europe,435.0,435.0,263.0,263.0,263.0,263.0,263.0,263.0,420.0
Sant Climent,201.0,Europe,149.0,149.0,141.0,147.0,147.0,147.0,147.0,147.0,147.0
Santa Ana,350.0,North America,317.0,317.0,2912.0,317.0,317.0,317.0,317.0,317.0,317.0
Santa Barbara,1114.0,North America,1114.0,1114.0,1114.0,1114.0,1114.0,1114.0,1114.0,1114.0,1114.0
Santa Clara,638.0,,638.0,638.0,638.0,638.0,,,,,
Santa Cruz da Graciosa,469.0,Europe,469.0,469.0,,,,,,,496.0
Santa Cruz das Flores,463.0,Europe,463.0,463.0,,476.0,476.0,476.0,821.0,821.0,552.0
Santa Cruz de Tenerife,119.0,Europe,107.0,107.0,120.0,102.0,109.0,109.0,108.0,108.0,108.0
Santa Cruz de la Palma,129.0,Europe,129.0,120.0,134.0,134.0,294.0,294.0,252.0,252.0,167.0
Santa Cruz de la Sierra,1061.0,South America,1061.0,1061.0,981.0,865.0,2912.0,2912.0,893.0,893.0,893.0
Santa Fe,564.0,North America,568.0,568.0,568.0,1809.0,1809.0,1809.0,1616.0,1616.0,1616.0
Santa Maria Huatulco,762.0,North America,762.0,762.0,778.0,822.0,822.0,822.0,822.0,822.0,822.0
Santa Marta,1285.0,South America,1285.0,1285.0,829.0,829.0,829.0,829.0,829.0,829.0,829.0
Santa Rosa,1179.0,North America,1035.0,1035.0,1855.0,568.0,776.0,776.0,776.0,776.0,568.0
Santander,352.0,Europe,147.0,147.0,138.0,103.0,103.0,103.0,279.0,279.0,104.0
Santiago,641.0,South America,586.0,586.0,586.0,580.0,594.0,594.0,602.0,602.0,594.0
Santiago de Compostela,152.0,Europe,152.0,152.0,238.0,191.0,302.0,302.0,155.0,155.0,155.0
Santiago de Querétaro,1227.0,North America,1229.0,1229.0,1208.0,820.0,820.0,820.0,1658.0,1658.0,1229.0
Santiago de los Caballeros,,,,,,905.0,905.0,905.0,905.0,905.0,905.0
Santiago del Monte,253.0,Europe,232.0,232.0,232.0,262.0,200.0,200.0,200.0,200.0,200.0
Santo Domingo,580.0,North America,577.0,577.0,579.0,579.0,583.0,583.0,583.0,583.0,583.0
Sanya,511.0,Asia,511.0,511.0,511.0,521.0,516.0,516.0,516.0,516.0,516.0
Sao Nicolau,,,1097.0,1097.0,1097.0,783.0,783.0,783.0,783.0,783.0,783.0
Sao Paulo,704.0,South America,566.0,566.0,735.0,572.0,634.0,634.0,633.0,633.0,618.0
Sapporo,2296.0,Asia,559.0,533.0,2296.0,532.0,4382.0,4382.0,4382.0,4382.0,535.0
Sarajevo,166.0,Europe,155.0,155.0,315.0,178.0,178.0,178.0,178.0,178.0,117.0
Sarasota,691.0,North America,649.0,649.0,818.0,691.0,909.0,909.0,691.0,691.0,691.0
Saratov,303.0,Europe,303.0,303.0,,,,,,,359.0
Sarnia,1138.0,North America,1138.0,1138.0,,,,,,,
Saskatoon,618.0,North America,618.0,618.0,,,,,,,
Savusavu,2593.0,Oceania,2593.0,2593.0,2593.0,2593.0,,,,,
Scarborough,692.0,North America,1495.0,1495.0,1495.0,1234.0,1234.0,1234.0,1234.0,1234.0,1234.0
Scranton,,,,,,668.0,668.0,668.0,668.0,668.0,668.0
Seattle,346.0,North America,337.0,336.0,346.0,338.0,337.0,337.0,337.0,337.0,337.0
Sendai,4296.0,Asia,4296.0,4296.0,6072.0,4308.0,6072.0,6072.0,4308.0,4308.0,4308.0
Seoul,525.0,Asia,525.0,525.0,585.0,549.0,566.0,566.0,566.0,566.0,563.0
Seronera,,,,,,1776.0,1776.0,1776.0,1776.0,1776.0,1877.0
Sevilla,91.0,Europe,64.0,64.0,83.0,61.0,65.0,65.0,58.0,58.0,58.0
Sfax,648.0,Africa,648.0,648.0,,,,,,,
Shanghai,488.0,Asia,468.0,468.0,480.0,465.0,470.0,470.0,470.0,470.0,454.0
Shannon,1082.0,Europe,194.0,194.0,194.0,250.0,13297.0,13297.0,181.0,181.0,181.0
Shantou,2653.0,Asia,2653.0,2653.0,2653.0,2653.0,2653.0,2653.0,2653.0,2653.0,2653.0
Sharjah,366.0,Asia,366.0,366.0,377.0,338.0,377.0,377.0,377.0,377.0,327.0
Sharm el-Sheikh,351.0,Africa,301.0,301.0,301.0,267.0,290.0,290.0,290.0,290.0,290.0
Shenyang,,,,,,585.0,2379.0,2379.0,2379.0,2379.0,2379.0
Shenzhen,2311.0,Asia,775.0,775.0,2381.0,693.0,968.0,968.0,927.0,927.0,453.0
Shirahama,,,,880.0,880.0,854.0,854.0,854.0,854.0,854.0,854.0
Shiraz,,,,,,447.0,637.0,637.0,637.0,637.0,595.0
Shizuoka,1006.0,Asia,1006.0,1006.0,,,,,,,
Shymkent,417.0,Europe,417.0,417.0,,523.0,523.0,523.0,523.0,523.0,485.0
Sibiu,376.0,Europe,171.0,171.0,171.0,205.0,205.0,205.0,336.0,336.0,210.0
Siborong-Borong,999.0,Asia,999.0,999.0,999.0,999.0,,,,,
Sibu,979.0,Asia,979.0,979.0,,1040.0,1040.0,1040.0,1040.0,1040.0,1040.0
Sidney,,,,,,1373.0,1373.0,1373.0,1373.0,1373.0,1373.0
Siem Reap,2689.0,Asia,806.0,685.0,811.0,670.0,670.0,670.0,716.0,716.0,716.0
Sigiriya,1157.0,Asia,1157.0,1157.0,,,,,,,
Simferopol,259.0,,259.0,259.0,369.0,284.0,376.0,376.0,245.0,245.0,245.0
Simpson Bay,2036.0,,540.0,540.0,540.0,540.0,540.0,540.0,2036.0,2036.0,578.0
Singapore,417.0,Asia,397.0,397.0,587.0,378.0,407.0,407.0,407.0,407.0,407.0
Sinop,284.0,Europe,284.0,284.0,,,515.0,515.0,515.0,515.0,515.0
Sitia,435.0,Europe,386.0,386.0,254.0,309.0,417.0,417.0,283.0,283.0,283.0
Sivas,220.0,Europe,284.0,284.0,304.0,274.0,274.0,274.0,274.0,274.0,296.0
Siālkot,931.0,Asia,931.0,931.0,881.0,881.0,931.0,931.0,931.0,931.0,881.0
Skellefteå,,,,,,,1840.0,1840.0,1840.0,1840.0,1840.0
Skiathos,420.0,Europe,420.0,420.0,420.0,291.0,291.0,291.0,291.0,291.0,420.0
Skopje,165.0,Europe,125.0,125.0,63.0,54.0,121.0,121.0,121.0,121.0,121.0
Sochi,231.0,Europe,231.0,231.0,184.0,184.0,184.0,184.0,238.0,238.0,238.0
Sofia,34.0,Europe,32.0,32.0,84.0,30.0,96.0,96.0,81.0,81.0,30.0
Sogndal,,,,,,,,,,,408.0
Sohar,,,,,,,748.0,748.0,748.0,748.0,748.0
Sorong,913.0,Asia,892.0,892.0,892.0,865.0,865.0,865.0,865.0,865.0,891.0
South Bend,1646.0,North America,1646.0,1646.0,1646.0,1646.0,1646.0,1646.0,1646.0,1646.0,1646.0
Southampton,178.0,Europe,335.0,335.0,267.0,2400.0,395.0,395.0,377.0,377.0,377.0
Split,139.0,Europe,139.0,139.0,176.0,139.0,129.0,129.0,129.0,129.0,121.0
Spokane,976.0,North America,976.0,976.0,976.0,1236.0,1236.0,1236.0,1236.0,1236.0,1236.0
Springfield,1572.0,North America,1748.0,1748.0,1748.0,1748.0,1748.0,1748.0,1748.0,1748.0,1748.0
Srinagar,,,,,,765.0,765.0,765.0,765.0,765.0,878.0
St. George's,842.0,North America,1455.0,1455.0,1455.0,553.0,553.0,553.0,553.0,553.0,944.0
St. John's,752.0,North America,752.0,752.0,1476.0,629.0,629.0,629.0,629.0,629.0,629.0
St. Louis,2015.0,North America,2015.0,2015.0,646.0,625.0,2031.0,2031.0,2031.0,2031.0,836.0
Stavanger,151.0,Europe,168.0,168.0,158.0,158.0,158.0,158.0,192.0,192.0,162.0
Stavropol,363.0,Europe,363.0,363.0,,,,,,,
Stockholm,40.0,Europe,38.0,38.0,40.0,37.0,37.0,37.0,37.0,37.0,37.0
Stockton,,,,,,914.0,914.0,914.0,914.0,914.0,914.0
Stokmarknes,789.0,Europe,789.0,789.0,789.0,1013.0,734.0,734.0,734.0,734.0,734.0
Stornoway,630.0,Europe,630.0,630.0,,,,,,,
Strasbourg,127.0,Europe,122.0,122.0,122.0,178.0,178.0,178.0,197.0,197.0,197.0
Stuttgart,64.0,Europe,58.0,58.0,52.0,52.0,69.0,69.0,45.0,45.0,45.0
Suceava,945.0,Europe,967.0,967.0,967.0,612.0,612.0,612.0,612.0,612.0,612.0
Sucre,,,,,1568.0,1568.0,1568.0,1568.0,1568.0,1568.0,1568.0
Sukhothai,723.0,Asia,723.0,723.0,723.0,723.0,723.0,723.0,723.0,723.0,723.0
Sulaymānīyah,,,,,626.0,626.0,626.0,626.0,626.0,626.0,626.0
Sundsvall,317.0,Europe,271.0,271.0,271.0,271.0,271.0,271.0,271.0,271.0,271.0
Surabaya,2734.0,Asia,2542.0,2542.0,703.0,2542.0,2542.0,2542.0,2734.0,2734.0,631.0
Surat Thani,773.0,Asia,773.0,773.0,773.0,748.0,748.0,748.0,744.0,744.0,744.0
Suva,2272.0,Oceania,2272.0,2272.0,2272.0,1539.0,1539.0,1539.0,1539.0,1539.0,1539.0
Svolvær,400.0,Europe,619.0,619.0,619.0,884.0,386.0,386.0,448.0,448.0,448.0
Sydney,805.0,Oceania,664.0,664.0,633.0,633.0,695.0,695.0,695.0,695.0,723.0
Syktyvkar,333.0,Europe,362.0,362.0,362.0,335.0,335.0,335.0,335.0,335.0,335.0
Sylt,60.0,Europe,62.0,62.0,84.0,60.0,60.0,60.0,390.0,390.0,84.0
Szczecin,130.0,Europe,130.0,130.0,786.0,200.0,200.0,200.0,130.0,130.0,130.0
Szymany,593.0,Europe,330.0,330.0,205.0,205.0,205.0,205.0,205.0,205.0,205.0
São Filipe,795.0,Africa,997.0,997.0,698.0,647.0,647.0,647.0,647.0,647.0,790.0
São José do Rio Preto,5659.0,South America,5659.0,5659.0,5529.0,5529.0,5529.0,5529.0,5529.0,5529.0,5529.0
São Pedro,635.0,Africa,635.0,635.0,635.0,452.0,452.0,452.0,452.0,452.0,452.0
São Tomé,706.0,Africa,706.0,706.0,721.0,757.0,1030.0,1030.0,1030.0,1030.0,1030.0
Sørkjosen,586.0,Europe,586.0,586.0,,495.0,2162.0,2162.0,2162.0,2162.0,2162.0
Sørvágur,253.0,,240.0,240.0,240.0,245.0,269.0,269.0,256.0,256.0,256.0
Tabriz,547.0,Asia,547.0,547.0,,,,,,,
Taichung,844.0,,844.0,844.0,844.0,844.0,,,,,
Taif,698.0,Asia,698.0,698.0,,728.0,728.0,728.0,728.0,728.0,728.0
Taipei,599.0,,507.0,507.0,565.0,506.0,505.0,505.0,505.0,505.0,505.0
Taiyuan,,,,,,,908.0,908.0,539.0,539.0,490.0
Takamatsu,864.0,Asia,864.0,864.0,864.0,864.0,,,,,
Tallahassee,,,,,,1603.0,1603.0,1603.0,1603.0,1603.0,1603.0
Tallinn,68.0,Europe,46.0,46.0,68.0,49.0,68.0,68.0,68.0,68.0,55.0
Tamarindo,1234.0,North America,1234.0,1234.0,,,,,,,
Tampa,331.0,North America,328.0,298.0,319.0,309.0,345.0,345.0,345.0,345.0,322.0
Tampere,176.0,Europe,176.0,176.0,176.0,202.0,202.0,202.0,202.0,202.0,202.0
Tampico,5595.0,North America,5601.0,5601.0,5601.0,5601.0,5601.0,5601.0,5601.0,5601.0,5601.0
Tamuning,,,,,,1200.0,1200.0,1200.0,1200.0,1200.0,979.0
Tanga,1356.0,Africa,1356.0,1356.0,1356.0,1356.0,,,,,
Tangier,179.0,Africa,179.0,179.0,351.0,221.0,128.0,128.0,177.0,177.0,177.0
Tarawa,,,,,,,,,,,4114.0
Taraz,,,,,,847.0,847.0,847.0,847.0,847.0,847.0
Tartu,607.0,Europe,607.0,607.0,,,,,,,509.0
Tashkent,445.0,,445.0,445.0,445.0,451.0,451.0,451.0,467.0,467.0,457.0
Taupo,,,1688.0,1688.0,1688.0,1688.0,1688.0,1688.0,1688.0,1688.0,1688.0
Tbilisi,215.0,Europe,209.0,209.0,330.0,214.0,230.0,230.0,223.0,223.0,200.0
Tegucigalpa,718.0,North America,718.0,718.0,720.0,718.0,718.0,718.0,718.0,718.0,724.0
Tehran,289.0,Asia,278.0,278.0,355.0,274.0,291.0,291.0,291.0,291.0,287.0
Tel Aviv,84.0,Asia,78.0,78.0,76.0,60.0,85.0,85.0,76.0,76.0,76.0
Temae,1942.0,,1942.0,1942.0,1942.0,1942.0,1942.0,1942.0,1942.0,1942.0,1942.0
Tete,,,,,,,1220.0,1220.0,1220.0,1220.0,1220.0
Thal,,,750.0,750.0,780.0,780.0,780.0,780.0,780.0,780.0,780.0
Thandwe,1113.0,Asia,1113.0,1113.0,,,,,,,
Thera,203.0,Europe,203.0,203.0,389.0,156.0,296.0,296.0,201.0,201.0,201.0
Thessaloniki,258.0,Europe,62.0,62.0,89.0,43.0,85.0,85.0,85.0,85.0,63.0
Thiruvananthapuram,704.0,Asia,737.0,736.0,752.0,694.0,694.0,694.0,756.0,756.0,718.0
Thunder Bay,2112.0,North America,2003.0,2003.0,2113.0,2003.0,2113.0,2113.0,2113.0,2113.0,2003.0
Tianjin,708.0,Asia,745.0,745.0,745.0,757.0,757.0,757.0,757.0,757.0,757.0
Tijuana,3671.0,North America,3589.0,3589.0,3674.0,3589.0,3674.0,3674.0,3674.0,3674.0,737.0
Timisoara,74.0,Europe,74.0,133.0,176.0,176.0,385.0,385.0,150.0,150.0,150.0
Tirana,204.0,Europe,199.0,140.0,130.0,120.0,209.0,209.0,209.0,209.0,168.0
Tiruchirappalli,3462.0,Asia,3465.0,3465.0,3465.0,3465.0,3465.0,3465.0,3465.0,3465.0,3465.0
Tirupati,3280.0,Asia,3280.0,3280.0,3280.0,3280.0,,,,,
Tivat,402.0,Europe,243.0,243.0,243.0,291.0,287.0,287.0,287.0,287.0,287.0
Toamasina,1573.0,Africa,1573.0,1573.0,,,,,,,
Tokushima,888.0,Asia,888.0,650.0,650.0,650.0,650.0,650.0,650.0,650.0,650.0
Tokyo,536.0,Asia,523.0,523.0,532.0,517.0,532.0,532.0,532.0,532.0,532.0
Toledo,1026.0,North America,1028.0,1028.0,1028.0,1028.0,1028.0,1028.0,1028.0,1028.0,1028.0
Toowoomba,,,,,1441.0,1447.0,1435.0,1435.0,1435.0,1435.0,1435.0
Toronto,397.0,North America,397.0,397.0,397.0,404.0,438.0,438.0,438.0,438.0,409.0
Torreón,,,,,,1025.0,1025.0,1025.0,1025.0,1025.0,1025.0
Toulon,248.0,Europe,248.0,248.0,676.0,358.0,358.0,358.0,732.0,732.0,339.0
Toulouse,46.0,Europe,46.0,46.0,134.0,23.0,155.0,155.0,122.0,122.0,58.0
Townsville,3806.0,Oceania,3810.0,3810.0,3810.0,3810.0,3810.0,3810.0,3810.0,3810.0,1175.0
Trabzon,371.0,Europe,245.0,245.0,316.0,316.0,247.0,247.0,313.0,313.0,313.0
Trang,693.0,Asia,693.0,693.0,,,,,,,
Trapani,201.0,Europe,201.0,201.0,414.0,204.0,292.0,292.0,184.0,184.0,184.0
Trat,1079.0,Asia,1079.0,1079.0,1079.0,694.0,1590.0,1590.0,706.0,706.0,706.0
Traverse City,681.0,North America,681.0,681.0,681.0,1299.0,1299.0,1299.0,1299.0,1299.0,1299.0
Trelew,1097.0,South America,1097.0,1097.0,1097.0,1097.0,,,,,
Trenton,,,828.0,828.0,828.0,828.0,828.0,828.0,828.0,828.0,903.0
Trieste,215.0,Europe,215.0,215.0,215.0,121.0,500.0,500.0,215.0,215.0,209.0
Tromsø,238.0,Europe,179.0,179.0,236.0,171.0,186.0,186.0,179.0,179.0,175.0
Trondheim,155.0,Europe,222.0,222.0,160.0,160.0,160.0,160.0,160.0,160.0,162.0
Trujillo,,,,,1946.0,1946.0,,,,,
Tucson,1584.0,North America,1584.0,1584.0,1584.0,1584.0,1584.0,1584.0,1584.0,1584.0,1584.0
Tulsa,3163.0,North America,2912.0,2912.0,2912.0,2912.0,2912.0,2912.0,2167.0,2167.0,2167.0
Tunis,223.0,Africa,223.0,223.0,267.0,223.0,223.0,223.0,223.0,223.0,223.0
Turin,104.0,Europe,86.0,81.0,124.0,55.0,86.0,86.0,55.0,55.0,55.0
Turku,201.0,Europe,201.0,201.0,201.0,133.0,159.0,159.0,135.0,135.0,135.0
Tuxtla Gutiérrez,725.0,North America,725.0,725.0,725.0,725.0,,,,,
Tuzla,112.0,Europe,112.0,112.0,112.0,115.0,122.0,122.0,122.0,122.0,40.0
Tyumen,356.0,Europe,393.0,393.0,393.0,393.0,393.0,393.0,393.0,393.0,393.0
Târgu Mureş,132.0,Europe,132.0,132.0,132.0,129.0,129.0,129.0,416.0,416.0,416.0
Tétouan,356.0,Africa,356.0,356.0,356.0,269.0,269.0,269.0,269.0,269.0,405.0
Ube,,,,848.0,848.0,848.0,848.0,848.0,848.0,848.0,848.0
Uberlândia,997.0,South America,997.0,997.0,997.0,997.0,,,,,
Ubon Ratchathani,,,740.0,740.0,740.0,740.0,740.0,740.0,740.0,740.0,740.0
Ufa,240.0,Europe,240.0,240.0,240.0,240.0,,,,,
Ukunda,6312.0,Africa,6312.0,6312.0,1445.0,793.0,793.0,793.0,793.0,793.0,927.0
Ulaanbaatar,645.0,Asia,645.0,645.0,645.0,652.0,655.0,655.0,655.0,655.0,655.0
Ulan-Ude,536.0,Europe,536.0,536.0,,,,,,,
Ulunqab,565.0,Asia,565.0,565.0,565.0,565.0,,,,,
Umeå,189.0,Europe,189.0,189.0,189.0,231.0,231.0,231.0,231.0,231.0,200.0
Ust-Kamenogorsk,644.0,Europe,644.0,644.0,644.0,644.0,,,,,
Utila,,,,,,1476.0,1476.0,1476.0,1476.0,1476.0,1476.0
Uzhhorod,597.0,Europe,597.0,597.0,597.0,597.0,,,,,
Vadodara,4528.0,Asia,4531.0,4531.0,4531.0,4531.0,4531.0,4531.0,4531.0,4531.0,4531.0
Vaitape,2103.0,,1534.0,1534.0,2616.0,2173.0,1639.0,1639.0,1639.0,1639.0,1639.0
Valencia,82.0,Europe,81.0,81.0,101.0,54.0,89.0,89.0,66.0,66.0,66.0
Valladolid,357.0,Europe,357.0,357.0,157.0,157.0,158.0,158.0,158.0,158.0,158.0
Valparaiso,,,,,,951.0,951.0,951.0,951.0,951.0,616.0
Valverde,628.0,Europe,332.0,332.0,332.0,221.0,221.0,221.0,221.0,221.0,504.0
Van,478.0,Europe,479.0,479.0,479.0,480.0,480.0,480.0,480.0,480.0,479.0
Vancouver,596.0,North America,406.0,406.0,453.0,369.0,399.0,399.0,399.0,399.0,399.0
Varadero,559.0,,559.0,559.0,1920.0,556.0,558.0,558.0,526.0,526.0,526.0
Varna,242.0,Europe,77.0,77.0,2830.0,69.0,40.0,40.0,40.0,40.0,40.0
Vasco da Gama,680.0,Asia,558.0,558.0,558.0,562.0,562.0,562.0,576.0,576.0,576.0
Vaxjo,202.0,Europe,452.0,452.0,,298.0,298.0,298.0,298.0,298.0,268.0
Velas,747.0,Europe,582.0,582.0,582.0,387.0,387.0,387.0,387.0,387.0,387.0
Venice,30.0,Europe,27.0,27.0,49.0,30.0,52.0,52.0,42.0,42.0,41.0
Veracruz,,,,,,1162.0,1162.0,1162.0,1162.0,1162.0,1162.0
Verona,161.0,Europe,146.0,146.0,151.0,138.0,201.0,201.0,161.0,161.0,138.0
Victoria,2394.0,North America,2285.0,2285.0,2285.0,2285.0,1506.0,1506.0,1506.0,1506.0,1506.0
Victoria Falls,,,1229.0,1229.0,1229.0,1229.0,1229.0,1229.0,1229.0,1229.0,862.0
Vienna,72.0,Europe,49.0,46.0,61.0,49.0,60.0,60.0,57.0,57.0,57.0
Vientiane,660.0,Asia,2282.0,2282.0,1267.0,2282.0,2282.0,2282.0,2282.0,2282.0,2282.0
Vigo,206.0,Europe,206.0,259.0,333.0,247.0,325.0,325.0,325.0,325.0,325.0
Vila do Maio,841.0,Africa,841.0,841.0,,,,,,,
Vila do Porto,1111.0,Europe,1111.0,1111.0,573.0,573.0,1111.0,1111.0,1111.0,1111.0,1111.0
Vilanculos,,,1346.0,1346.0,1346.0,1346.0,1346.0,1346.0,1346.0,1346.0,1346.0
Villavicencio,,,2675.0,2675.0,2675.0,2675.0,2675.0,2675.0,2675.0,2675.0,2675.0
Vilnius,132.0,Europe,44.0,44.0,44.0,44.0,104.0,104.0,41.0,41.0,41.0
Visby,187.0,Europe,187.0,187.0,,,,,,,303.0
Vitoria-Gasteiz,273.0,Europe,204.0,204.0,204.0,205.0,142.0,142.0,142.0,142.0,142.0
Vitória,,,,,,,,,,,821.0
Vladivostok,509.0,Europe,509.0,509.0,511.0,511.0,511.0,511.0,511.0,511.0,511.0
Volda,,,,,,960.0,960.0,960.0,960.0,960.0,960.0
Volgograd,309.0,Europe,321.0,321.0,321.0,319.0,319.0,319.0,319.0,319.0,254.0
Voronezh,262.0,Europe,542.0,542.0,542.0,542.0,246.0,246.0,246.0,246.0,246.0
Város,,,270.0,270.0,270.0,311.0,311.0,311.0,311.0,311.0,311.0
Vārānasi,925.0,Asia,925.0,925.0,,,,,,,
Wakkanai,,,,,1253.0,1253.0,1253.0,1253.0,1253.0,1253.0,1253.0
Walla Walla,,,,,,1105.0,1105.0,1105.0,1105.0,1105.0,1105.0
Walvis Bay,880.0,Africa,880.0,880.0,880.0,896.0,896.0,896.0,896.0,896.0,1129.0
Warsaw,65.0,Europe,65.0,65.0,93.0,47.0,48.0,48.0,48.0,48.0,48.0
Washington,433.0,North America,433.0,297.0,451.0,431.0,458.0,458.0,458.0,458.0,458.0
Waterloo,5192.0,North America,1727.0,1727.0,1727.0,1727.0,1727.0,1727.0,5192.0,5192.0,5192.0
Watertown,,,,,,,,,,,2924.0
Wellington,2037.0,Oceania,2037.0,1083.0,3857.0,1050.0,3857.0,3857.0,2328.0,2328.0,1064.0
Wenzhou,536.0,Asia,541.0,541.0,541.0,538.0,544.0,544.0,488.0,488.0,488.0
West End,,,,,,643.0,643.0,643.0,643.0,643.0,643.0
West Palm Beach,371.0,North America,322.0,322.0,425.0,323.0,355.0,355.0,355.0,355.0,322.0
West Tisbury,,,,,,,984.0,984.0,984.0,984.0,984.0
White Plains,619.0,North America,592.0,592.0,1602.0,573.0,775.0,775.0,573.0,573.0,573.0
Wichita,970.0,North America,970.0,970.0,,794.0,794.0,794.0,794.0,794.0,794.0
Wick,581.0,Europe,581.0,581.0,,,,,,,
Willemstad,525.0,,521.0,510.0,525.0,525.0,792.0,792.0,792.0,792.0,550.0
Wilmington,5187.0,North America,5192.0,5192.0,897.0,722.0,722.0,722.0,722.0,722.0,1733.0
Windhoek,555.0,Africa,548.0,548.0,548.0,548.0,690.0,690.0,690.0,690.0,690.0
Windsor,,,,,,1138.0,1138.0,1138.0,1138.0,1138.0,1138.0
Winnipeg,1475.0,North America,604.0,604.0,1475.0,594.0,1475.0,1475.0,1475.0,1475.0,617.0
Worcester,833.0,North America,833.0,833.0,,,980.0,980.0,980.0,980.0,980.0
Wroclaw,137.0,Europe,193.0,193.0,177.0,161.0,161.0,161.0,142.0,142.0,142.0
Wuxi,,,,,,1179.0,1179.0,1179.0,1179.0,1179.0,1179.0
Xi'an,2731.0,Asia,2731.0,2731.0,2731.0,481.0,541.0,541.0,541.0,541.0,541.0
Xiamen,520.0,Asia,2187.0,764.0,511.0,517.0,570.0,570.0,570.0,570.0,517.0
Xigazê,1643.0,Asia,1643.0,1643.0,,,,,,,
Yamagata,,,,781.0,781.0,781.0,781.0,781.0,781.0,781.0,781.0
Yanbu,,,,,,787.0,787.0,787.0,787.0,787.0,787.0
Yangon,2207.0,Asia,650.0,635.0,643.0,636.0,710.0,710.0,645.0,645.0,645.0
Yaoundé,771.0,Africa,609.0,609.0,687.0,687.0,687.0,687.0,824.0,824.0,824.0
Yekaterinburg,199.0,Europe,201.0,201.0,201.0,201.0,341.0,341.0,341.0,341.0,191.0
Yerevan,319.0,,304.0,304.0,320.0,286.0,309.0,309.0,309.0,309.0,266.0
Yiwu,,,,,,,768.0,768.0,768.0,768.0,768.0
Yogyakarta,1031.0,Asia,3508.0,3508.0,954.0,1069.0,1069.0,1069.0,1069.0,1069.0,3703.0
Yuma,3862.0,North America,3862.0,3862.0,3862.0,3862.0,3862.0,3862.0,3862.0,3862.0,3862.0
Yuzhno-Sakhalinsk,,,614.0,614.0,614.0,614.0,614.0,614.0,614.0,614.0,614.0
Zacatecas,,,,,,1145.0,1145.0,1145.0,1145.0,1145.0,1145.0
Zadar,113.0,Europe,95.0,95.0,150.0,48.0,84.0,84.0,84.0,84.0,68.0
Zagreb,122.0,Europe,56.0,56.0,56.0,56.0,56.0,56.0,56.0,56.0,56.0
Zakynthos,281.0,Europe,266.0,227.0,227.0,341.0,341.0,341.0,245.0,245.0,245.0
Zanzibar,476.0,Africa,471.0,471.0,533.0,461.0,613.0,613.0,470.0,470.0,470.0
Zaporozhye,180.0,Europe,180.0,180.0,180.0,208.0,208.0,208.0,208.0,208.0,208.0
Zaragoza,163.0,Europe,283.0,283.0,283.0,120.0,120.0,120.0,352.0,352.0,352.0
Zhangjiajie,787.0,Asia,799.0,799.0,799.0,799.0,799.0,799.0,799.0,799.0,799.0
Zhengzhou,1264.0,Asia,2288.0,2288.0,1259.0,2290.0,1259.0,1259.0,1259.0,1259.0,2290.0
Zhuhai,536.0,Asia,536.0,923.0,923.0,905.0,905.0,905.0,913.0,913.0,913.0
Zonguldak,,,,,,,473.0,473.0,473.0,473.0,473.0
Zurich,71.0,Europe,71.0,71.0,81.0,72.0,72.0,71.0,71.0,71.0,71.0
Ängelholm,251.0,Europe,251.0,362.0,362.0,362.0,362.0,362.0,362.0,362.0,362.0
Ålesund,,,,,,160.0,160.0,160.0,272.0,272.0,168.0
Çanakkale,378.0,Europe,548.0,548.0,548.0,548.0,,,,,
Örnsköldsvik,,,,,,327.0,327.0,327.0,327.0,327.0,327.0
Östersund,61.0,Europe,62.0,62.0,143.0,63.0,63.0,63.0,63.0,63.0,61.0
Łódź,220.0,Europe,606.0,606.0,606.0,174.0,174.0,174.0,174.0,174.0,174.0
Şirnak,,,,,,,,,,,438.0
